1664582400000,7.584,7.584,7.554,7.558,64359.38
1664582460000,7.556,7.558,7.554,7.557,3692.4
1664582520000,7.557,7.589,7.557,7.584,14754.67
1664582580000,7.582,7.592,7.581,7.583,5580.56
1664582640000,7.583,7.589,7.583,7.587,729.22
1664582700000,7.586,7.598,7.586,7.598,1960.96
1664582760000,7.598,7.607,7.596,7.597,7654.86
1664582820000,7.596,7.603,7.593,7.603,2237.12
1664582880000,7.603,7.603,7.598,7.598,860.28
1664582940000,7.599,7.602,7.594,7.602,2679.44
1664583000000,7.604,7.613,7.604,7.611,11214.1
1664583060000,7.612,7.612,7.606,7.611,1187.09
1664583120000,7.613,7.615,7.607,7.607,1436.26
1664583180000,7.609,7.609,7.601,7.604,1614.46
1664583240000,7.607,7.608,7.604,7.607,723.86
1664583300000,7.606,7.607,7.6,7.601,1173.79
1664583360000,7.601,7.602,7.599,7.6,1823.91
1664583420000,7.6,7.602,7.599,7.6,1414.43
1664583480000,7.607,7.607,7.603,7.607,441.05
1664583540000,7.606,7.607,7.605,7.607,98.69
1664583600000,7.607,7.613,7.607,7.611,3282.8
1664583660000,7.612,7.615,7.607,7.61,600.1
1664583720000,7.609,7.613,7.607,7.613,994.58
1664583780000,7.613,7.613,7.609,7.612,724.4
1664583840000,7.613,7.613,7.611,7.612,445.71
1664583900000,7.612,7.612,7.6,7.6,1413.01
1664583960000,7.601,7.611,7.601,7.608,850.97
1664584020000,7.609,7.612,7.599,7.599,2834.86
1664584080000,7.599,7.599,7.595,7.596,471.14
1664584140000,7.596,7.601,7.592,7.592,2109.1
1664584200000,7.594,7.594,7.581,7.588,709.43
1664584260000,7.589,7.593,7.583,7.584,1267.8
1664584320000,7.582,7.582,7.567,7.577,3078.37
1664584380000,7.577,7.586,7.573,7.573,1250.66
1664584440000,7.577,7.579,7.577,7.578,811.83
1664584500000,7.579,7.587,7.579,7.582,2473.36
1664584560000,7.581,7.583,7.565,7.568,4384.7
1664584620000,7.568,7.573,7.566,7.57,925.07
1664584680000,7.569,7.571,7.567,7.568,401.37
1664584740000,7.569,7.571,7.564,7.565,1120.95
1664584800000,7.565,7.571,7.564,7.565,1313.47
1664584860000,7.565,7.568,7.565,7.565,2022.13
1664584920000,7.565,7.57,7.563,7.563,1343.44
1664584980000,7.562,7.562,7.547,7.547,5192.02
1664585040000,7.547,7.551,7.542,7.545,2301.67
1664585100000,7.546,7.566,7.545,7.565,809.17
1664585160000,7.565,7.565,7.556,7.557,1876.49
1664585220000,7.556,7.559,7.554,7.554,2270.82
1664585280000,7.557,7.558,7.557,7.558,1383.66
1664585340000,7.558,7.564,7.558,7.562,1357.42
1664585400000,7.564,7.57,7.562,7.567,1221.19
1664585460000,7.567,7.578,7.567,7.577,5845.86
1664585520000,7.577,7.579,7.572,7.579,680.64
1664585580000,7.578,7.58,7.573,7.573,297.58
1664585640000,7.574,7.574,7.57,7.57,649.72
1664585700000,7.569,7.572,7.568,7.571,153.68
1664585760000,7.571,7.58,7.57,7.574,1190.95
1664585820000,7.575,7.576,7.567,7.567,704.03
1664585880000,7.568,7.568,7.565,7.566,989.53
1664585940000,7.564,7.568,7.564,7.567,97.56
1664586000000,7.57,7.571,7.56,7.565,987.71
1664586060000,7.565,7.566,7.563,7.564,827.21
1664586120000,7.563,7.571,7.563,7.569,1392.88
1664586180000,7.569,7.571,7.567,7.568,922.97
1664586240000,7.568,7.573,7.567,7.57,3133.6
1664586300000,7.568,7.568,7.56,7.56,681.49
1664586360000,7.56,7.563,7.545,7.55,60743.85
1664586420000,7.55,7.552,7.55,7.551,585.85
1664586480000,7.55,7.553,7.543,7.546,3713.37
1664586540000,7.547,7.547,7.543,7.545,2420.82
1664586600000,7.545,7.546,7.542,7.542,1328.69
1664586660000,7.542,7.545,7.538,7.538,696.05
1664586720000,7.539,7.545,7.539,7.543,1356.62
1664586780000,7.544,7.55,7.544,7.544,1669.98
1664586840000,7.548,7.549,7.544,7.549,1146.16
1664586900000,7.549,7.567,7.549,7.558,3799.65
1664586960000,7.562,7.562,7.556,7.558,1940.86
1664587020000,7.558,7.563,7.556,7.556,1134.96
1664587080000,7.556,7.557,7.552,7.556,1540.14
1664587140000,7.556,7.557,7.551,7.552,1096.99
1664587200000,7.553,7.558,7.552,7.557,1038.01
1664587260000,7.556,7.57,7.556,7.569,7874.45
1664587320000,7.569,7.569,7.567,7.569,570.39
1664587380000,7.569,7.581,7.566,7.581,2856.72
1664587440000,7.58,7.582,7.578,7.578,530.76
1664587500000,7.578,7.58,7.578,7.58,229.66
1664587560000,7.576,7.576,7.575,7.575,32.13
1664587620000,7.574,7.582,7.574,7.577,486.7
1664587680000,7.577,7.583,7.577,7.577,131.46
1664587740000,7.579,7.579,7.565,7.565,1090.92
1664587800000,7.565,7.579,7.565,7.57,1940.94
1664587860000,7.57,7.573,7.57,7.573,100.36
1664587920000,7.572,7.572,7.567,7.568,420.27
1664587980000,7.569,7.569,7.568,7.568,170.07
1664588040000,7.569,7.569,7.561,7.565,1347.85
1664588100000,7.568,7.578,7.564,7.564,2126.31
1664588160000,7.566,7.566,7.563,7.563,37.94
1664588220000,7.563,7.564,7.561,7.564,690.45
1664588280000,7.561,7.561,7.556,7.557,1077.47
1664588340000,7.556,7.556,7.55,7.55,47800.33
1664588400000,7.55,7.55,7.546,7.546,440.24
1664588460000,7.546,7.547,7.545,7.545,194.32
1664588520000,7.546,7.551,7.546,7.548,1077.58
1664588580000,7.548,7.555,7.548,7.553,1056.88
1664588640000,7.554,7.556,7.554,7.554,927.83
1664588700000,7.556,7.558,7.556,7.558,64.45
1664588760000,7.559,7.559,7.558,7.559,266.33
1664588820000,7.558,7.559,7.554,7.554,459.55
1664588880000,7.555,7.558,7.553,7.554,1193.44
1664588940000,7.555,7.557,7.554,7.554,429.74
1664589000000,7.554,7.554,7.551,7.554,783.01
1664589060000,7.554,7.554,7.553,7.554,528.62
1664589120000,7.554,7.568,7.554,7.565,5342.64
1664589180000,7.566,7.569,7.565,7.569,205.56
1664589240000,7.569,7.579,7.566,7.579,2297.02
1664589300000,7.579,7.579,7.574,7.575,932.61
1664589360000,7.575,7.579,7.574,7.575,591.74
1664589420000,7.579,7.586,7.579,7.584,2261.6
1664589480000,7.584,7.584,7.582,7.582,712.41
1664589540000,7.58,7.585,7.576,7.583,2639.43
1664589600000,7.585,7.587,7.577,7.577,1030.9
1664589660000,7.576,7.58,7.575,7.576,987.74
1664589720000,7.576,7.576,7.575,7.575,156.36
1664589780000,7.574,7.58,7.572,7.58,881.76
1664589840000,7.581,7.585,7.58,7.585,1609.32
1664589900000,7.584,7.585,7.58,7.583,1154.24
1664589960000,7.582,7.582,7.577,7.579,267.6
1664590020000,7.577,7.578,7.572,7.573,663.79
1664590080000,7.574,7.577,7.572,7.572,822.35
1664590140000,7.573,7.577,7.573,7.577,326.21
1664590200000,7.577,7.577,7.571,7.575,1677.9
1664590260000,7.575,7.579,7.575,7.579,1117.76
1664590320000,7.578,7.583,7.575,7.576,2518.08
1664590380000,7.577,7.577,7.576,7.576,749.12
1664590440000,7.575,7.578,7.575,7.577,728.52
1664590500000,7.578,7.582,7.575,7.582,482.0
1664590560000,7.583,7.583,7.578,7.578,439.62
1664590620000,7.577,7.584,7.577,7.582,369.27
1664590680000,7.583,7.583,7.578,7.579,650.18
1664590740000,7.581,7.584,7.58,7.582,647.59
1664590800000,7.582,7.584,7.58,7.583,971.14
1664590860000,7.584,7.588,7.584,7.586,660.44
1664590920000,7.586,7.592,7.585,7.591,3452.13
1664590980000,7.591,7.593,7.587,7.593,1132.71
1664591040000,7.592,7.593,7.589,7.591,1083.32
1664591100000,7.591,7.593,7.591,7.593,1484.06
1664591160000,7.593,7.598,7.593,7.595,2244.16
1664591220000,7.595,7.602,7.595,7.601,1000.53
1664591280000,7.602,7.606,7.601,7.602,737.46
1664591340000,7.601,7.602,7.599,7.601,1468.23
1664591400000,7.601,7.601,7.599,7.6,1051.77
1664591460000,7.6,7.603,7.6,7.603,177.72
1664591520000,7.603,7.606,7.603,7.603,633.32
1664591580000,7.604,7.607,7.604,7.607,371.37
1664591640000,7.608,7.613,7.608,7.612,1134.15
1664591700000,7.612,7.614,7.606,7.609,6762.53
1664591760000,7.609,7.609,7.598,7.603,4653.2
1664591820000,7.604,7.61,7.604,7.61,1230.23
1664591880000,7.607,7.611,7.607,7.611,1659.05
1664591940000,7.61,7.61,7.605,7.609,1021.51
1664592000000,7.609,7.615,7.609,7.615,1255.34
1664592060000,7.614,7.614,7.606,7.612,1446.86
1664592120000,7.611,7.611,7.604,7.604,1439.31
1664592180000,7.605,7.607,7.605,7.606,882.15
1664592240000,7.607,7.608,7.606,7.607,853.5
1664592300000,7.606,7.612,7.605,7.611,1602.44
1664592360000,7.612,7.612,7.608,7.608,490.15
1664592420000,7.608,7.623,7.608,7.616,2842.04
1664592480000,7.617,7.621,7.617,7.621,2130.26
1664592540000,7.622,7.626,7.622,7.622,720.66
1664592600000,7.622,7.624,7.621,7.623,449.69
1664592660000,7.624,7.624,7.619,7.624,2752.45
1664592720000,7.624,7.628,7.624,7.626,750.92
1664592780000,7.627,7.628,7.626,7.628,234.12
1664592840000,7.627,7.629,7.626,7.628,1294.44
1664592900000,7.628,7.628,7.625,7.625,854.04
1664592960000,7.626,7.627,7.624,7.624,1041.75
1664593020000,7.624,7.624,7.619,7.624,1345.14
1664593080000,7.624,7.625,7.622,7.624,254.47
1664593140000,7.624,7.624,7.62,7.623,1834.28
1664593200000,7.624,7.628,7.624,7.626,1755.98
1664593260000,7.627,7.629,7.626,7.628,171.52
1664593320000,7.628,7.632,7.628,7.63,1198.4
1664593380000,7.63,7.637,7.63,7.632,4045.31
1664593440000,7.634,7.636,7.634,7.634,573.89
1664593500000,7.637,7.646,7.636,7.645,4496.94
1664593560000,7.645,7.646,7.64,7.642,2273.23
1664593620000,7.642,7.642,7.637,7.641,1553.15
1664593680000,7.641,7.644,7.639,7.642,1838.4
1664593740000,7.643,7.645,7.634,7.634,960.07
1664593800000,7.634,7.635,7.621,7.622,1784.37
1664593860000,7.621,7.621,7.616,7.616,1394.41
1664593920000,7.616,7.617,7.61,7.612,899.72
1664593980000,7.613,7.621,7.613,7.621,853.57
1664594040000,7.621,7.621,7.616,7.619,297.54
1664594100000,7.619,7.623,7.616,7.618,648.73
1664594160000,7.618,7.623,7.618,7.62,729.5
1664594220000,7.62,7.622,7.62,7.62,272.26
1664594280000,7.62,7.62,7.613,7.614,1700.29
1664594340000,7.614,7.614,7.612,7.612,977.36
1664594400000,7.612,7.622,7.612,7.621,6634.0
1664594460000,7.621,7.621,7.618,7.619,297.55
1664594520000,7.619,7.62,7.619,7.62,51.84
1664594580000,7.621,7.627,7.621,7.621,3397.03
1664594640000,7.622,7.623,7.622,7.623,488.99
1664594700000,7.622,7.622,7.613,7.613,410.46
1664594760000,7.613,7.615,7.612,7.615,554.41
1664594820000,7.616,7.616,7.612,7.615,1571.26
1664594880000,7.615,7.616,7.613,7.613,555.98
1664594940000,7.613,7.613,7.597,7.6,6737.78
1664595000000,7.6,7.609,7.6,7.608,553.58
1664595060000,7.607,7.614,7.607,7.614,1878.31
1664595120000,7.613,7.613,7.608,7.611,2893.61
1664595180000,7.609,7.609,7.608,7.609,146.77
1664595240000,7.609,7.618,7.606,7.614,9895.18
1664595300000,7.614,7.62,7.614,7.619,716.51
1664595360000,7.619,7.623,7.618,7.623,611.97
1664595420000,7.622,7.624,7.621,7.622,613.44
1664595480000,7.622,7.623,7.621,7.623,184.29
1664595540000,7.624,7.626,7.62,7.626,2535.68
1664595600000,7.627,7.627,7.625,7.626,565.97
1664595660000,7.625,7.63,7.625,7.63,337.72
1664595720000,7.631,7.637,7.631,7.636,1327.65
1664595780000,7.634,7.637,7.634,7.637,363.66
1664595840000,7.637,7.637,7.635,7.636,669.03
1664595900000,7.637,7.639,7.635,7.639,497.3
1664595960000,7.639,7.639,7.634,7.634,236.28
1664596020000,7.635,7.635,7.626,7.629,15250.28
1664596080000,7.628,7.63,7.628,7.63,789.89
1664596140000,7.63,7.63,7.629,7.63,211.89
1664596200000,7.629,7.635,7.628,7.634,1608.29
1664596260000,7.632,7.636,7.632,7.635,198.88
1664596320000,7.635,7.638,7.634,7.638,768.45
1664596380000,7.638,7.638,7.632,7.632,2574.04
1664596440000,7.633,7.637,7.633,7.636,513.58
1664596500000,7.637,7.637,7.637,7.637,13.09
1664596560000,7.637,7.639,7.636,7.638,1178.6
1664596620000,7.637,7.637,7.637,7.637,49.35
1664596680000,7.637,7.637,7.636,7.636,122.67
1664596740000,7.636,7.638,7.635,7.635,544.72
1664596800000,7.637,7.637,7.636,7.636,189.3
1664596860000,7.636,7.636,7.633,7.636,895.45
1664596920000,7.635,7.636,7.635,7.635,11.4
1664596980000,7.637,7.638,7.63,7.634,3794.13
1664597040000,7.634,7.634,7.634,7.634,212.59
1664597100000,7.635,7.635,7.634,7.634,129.44
1664597160000,7.635,7.635,7.634,7.634,364.34
1664597220000,7.633,7.633,7.63,7.63,258.43
1664597280000,7.63,7.63,7.628,7.629,441.99
1664597340000,7.629,7.629,7.623,7.628,1953.5
1664597400000,7.629,7.631,7.629,7.631,437.97
1664597460000,7.631,7.632,7.63,7.632,416.44
1664597520000,7.631,7.631,7.621,7.627,2850.72
1664597580000,7.632,7.633,7.632,7.633,144.97
1664597640000,7.632,7.636,7.631,7.635,402.44
1664597700000,7.635,7.635,7.63,7.63,195.59
1664597760000,7.629,7.629,7.629,7.629,71.32
1664597820000,7.628,7.628,7.621,7.622,907.11
1664597880000,7.621,7.622,7.619,7.621,380.54
1664597940000,7.621,7.622,7.614,7.617,1713.49
1664598000000,7.618,7.62,7.615,7.62,1263.38
1664598060000,7.618,7.629,7.618,7.626,16977.7
1664598120000,7.626,7.627,7.622,7.627,2026.01
1664598180000,7.624,7.625,7.624,7.625,44.7
1664598240000,7.625,7.625,7.623,7.624,1206.3
1664598300000,7.625,7.627,7.613,7.616,12847.82
1664598360000,7.613,7.613,7.607,7.613,3647.75
1664598420000,7.609,7.611,7.596,7.597,6723.05
1664598480000,7.597,7.6,7.586,7.59,12190.29
1664598540000,7.589,7.589,7.576,7.581,3123.8
1664598600000,7.581,7.591,7.581,7.591,1020.4
1664598660000,7.593,7.595,7.591,7.593,2217.42
1664598720000,7.594,7.599,7.59,7.599,2516.1
1664598780000,7.598,7.606,7.597,7.606,719.69
1664598840000,7.605,7.607,7.604,7.606,202.44
1664598900000,7.606,7.612,7.606,7.608,1618.14
1664598960000,7.607,7.609,7.605,7.605,442.53
1664599020000,7.606,7.609,7.594,7.594,2116.95
1664599080000,7.594,7.597,7.594,7.597,385.19
1664599140000,7.598,7.602,7.596,7.601,1087.1
1664599200000,7.602,7.602,7.602,7.602,66.64
1664599260000,7.602,7.603,7.602,7.603,36.39
1664599320000,7.603,7.603,7.598,7.602,345.56
1664599380000,7.601,7.602,7.601,7.601,54.77
1664599440000,7.601,7.605,7.601,7.602,565.53
1664599500000,7.601,7.606,7.601,7.606,261.98
1664599560000,7.607,7.607,7.6,7.601,1213.42
1664599620000,7.601,7.603,7.6,7.603,618.54
1664599680000,7.603,7.603,7.583,7.586,10265.38
1664599740000,7.585,7.6,7.584,7.597,8974.16
1664599800000,7.596,7.597,7.594,7.594,1480.47
1664599860000,7.594,7.598,7.592,7.598,1164.43
1664599920000,7.601,7.601,7.6,7.601,134.49
1664599980000,7.6,7.6,7.596,7.596,4.84
1664600040000,7.596,7.6,7.594,7.6,1847.24
1664600100000,7.6,7.6,7.594,7.597,1501.15
1664600160000,7.598,7.6,7.593,7.595,1266.73
1664600220000,7.6,7.601,7.597,7.597,527.32
1664600280000,7.598,7.6,7.597,7.598,1491.14
1664600340000,7.598,7.598,7.595,7.595,208.02
1664600400000,7.597,7.605,7.597,7.604,3168.62
1664600460000,7.605,7.608,7.605,7.608,410.74
1664600520000,7.608,7.613,7.608,7.612,780.75
1664600580000,7.613,7.615,7.613,7.615,698.91
1664600640000,7.616,7.619,7.613,7.613,501.91
1664600700000,7.615,7.617,7.612,7.614,1147.22
1664600760000,7.615,7.615,7.614,7.615,72.36
1664600820000,7.615,7.615,7.613,7.614,414.78
1664600880000,7.613,7.614,7.613,7.614,114.42
1664600940000,7.613,7.613,7.604,7.608,4768.88
1664601000000,7.608,7.609,7.607,7.609,304.69
1664601060000,7.61,7.614,7.609,7.614,974.08
1664601120000,7.613,7.613,7.606,7.606,472.08
1664601180000,7.605,7.607,7.605,7.607,395.67
1664601240000,7.606,7.607,7.601,7.606,855.58
1664601300000,7.604,7.612,7.603,7.612,363.31
1664601360000,7.612,7.614,7.612,7.614,303.83
1664601420000,7.614,7.615,7.603,7.603,2309.23
1664601480000,7.603,7.603,7.599,7.602,1722.92
1664601540000,7.602,7.604,7.598,7.598,655.38
1664601600000,7.596,7.596,7.586,7.595,3498.98
1664601660000,7.595,7.595,7.588,7.588,1555.07
1664601720000,7.589,7.589,7.584,7.584,208.89
1664601780000,7.585,7.585,7.575,7.583,7667.26
1664601840000,7.583,7.585,7.559,7.565,5777.6
1664601900000,7.566,7.569,7.566,7.566,723.38
1664601960000,7.565,7.568,7.559,7.567,2015.94
1664602020000,7.567,7.572,7.567,7.572,492.09
1664602080000,7.571,7.571,7.558,7.566,3219.78
1664602140000,7.567,7.571,7.566,7.567,1653.92
1664602200000,7.567,7.573,7.567,7.573,1408.25
1664602260000,7.573,7.574,7.572,7.574,450.93
1664602320000,7.573,7.573,7.57,7.572,999.72
1664602380000,7.571,7.574,7.568,7.573,1581.68
1664602440000,7.573,7.579,7.573,7.579,886.85
1664602500000,7.578,7.578,7.573,7.576,2960.73
1664602560000,7.576,7.578,7.575,7.578,2466.62
1664602620000,7.576,7.576,7.575,7.575,40.64
1664602680000,7.575,7.577,7.575,7.577,282.08
1664602740000,7.577,7.578,7.575,7.575,433.61
1664602800000,7.575,7.578,7.575,7.578,692.85
1664602860000,7.578,7.578,7.578,7.578,170.55
1664602920000,7.578,7.58,7.578,7.579,152.94
1664602980000,7.58,7.582,7.58,7.581,1093.3
1664603040000,7.579,7.582,7.579,7.582,478.41
1664603100000,7.582,7.587,7.582,7.585,787.54
1664603160000,7.586,7.589,7.586,7.589,428.41
1664603220000,7.589,7.589,7.588,7.589,141.76
1664603280000,7.589,7.604,7.589,7.604,5574.85
1664603340000,7.603,7.603,7.598,7.598,2021.93
1664603400000,7.6,7.6,7.597,7.597,302.32
1664603460000,7.599,7.601,7.598,7.601,2237.11
1664603520000,7.6,7.601,7.6,7.601,1047.48
1664603580000,7.602,7.603,7.6,7.6,1420.2
1664603640000,7.598,7.602,7.598,7.602,1577.71
1664603700000,7.6,7.6,7.594,7.596,1565.01
1664603760000,7.596,7.597,7.595,7.595,721.11
1664603820000,7.596,7.6,7.596,7.598,904.77
1664603880000,7.595,7.596,7.595,7.596,282.12
1664603940000,7.596,7.603,7.596,7.601,1265.51
1664604000000,7.6,7.6,7.583,7.588,17375.35
1664604060000,7.588,7.588,7.577,7.584,4690.39
1664604120000,7.584,7.585,7.582,7.583,299.96
1664604180000,7.583,7.587,7.582,7.584,1135.36
1664604240000,7.583,7.583,7.578,7.579,626.38
1664604300000,7.579,7.588,7.579,7.584,1715.81
1664604360000,7.581,7.586,7.581,7.584,942.45
1664604420000,7.586,7.587,7.582,7.583,1703.59
1664604480000,7.584,7.585,7.584,7.585,441.82
1664604540000,7.585,7.585,7.581,7.582,558.62
1664604600000,7.581,7.583,7.581,7.581,469.17
1664604660000,7.581,7.584,7.58,7.582,1392.18
1664604720000,7.581,7.582,7.581,7.581,37.1
1664604780000,7.582,7.582,7.582,7.582,1.79
1664604840000,7.583,7.59,7.583,7.586,1658.79
1664604900000,7.588,7.588,7.583,7.583,1040.72
1664604960000,7.582,7.585,7.582,7.584,407.17
1664605020000,7.584,7.588,7.584,7.584,837.45
1664605080000,7.583,7.583,7.582,7.582,1010.96
1664605140000,7.582,7.584,7.581,7.584,863.88
1664605200000,7.583,7.589,7.583,7.584,693.94
1664605260000,7.585,7.585,7.583,7.583,365.46
1664605320000,7.583,7.583,7.582,7.583,159.39
1664605380000,7.583,7.586,7.583,7.586,210.08
1664605440000,7.585,7.585,7.578,7.578,2057.61
1664605500000,7.578,7.578,7.572,7.574,1936.78
1664605560000,7.573,7.577,7.573,7.576,1259.98
1664605620000,7.573,7.573,7.567,7.567,677.59
1664605680000,7.567,7.567,7.562,7.565,1344.02
1664605740000,7.566,7.573,7.566,7.57,597.4
1664605800000,7.572,7.582,7.572,7.582,1505.67
1664605860000,7.582,7.587,7.579,7.586,2539.22
1664605920000,7.585,7.585,7.58,7.583,766.21
1664605980000,7.58,7.585,7.579,7.585,1025.08
1664606040000,7.584,7.584,7.58,7.584,424.35
1664606100000,7.582,7.583,7.58,7.58,545.46
1664606160000,7.58,7.583,7.58,7.583,650.48
1664606220000,7.583,7.583,7.583,7.583,875.09
1664606280000,7.584,7.587,7.584,7.586,350.61
1664606340000,7.585,7.586,7.585,7.585,506.51
1664606400000,7.585,7.589,7.583,7.583,1093.51
1664606460000,7.583,7.584,7.583,7.583,282.53
1664606520000,7.583,7.583,7.581,7.582,304.97
1664606580000,7.583,7.584,7.579,7.584,903.4
1664606640000,7.583,7.584,7.58,7.582,731.62
1664606700000,7.581,7.588,7.581,7.585,1145.44
1664606760000,7.584,7.585,7.579,7.582,1798.29
1664606820000,7.582,7.583,7.58,7.583,45.23
1664606880000,7.581,7.583,7.581,7.583,172.77
1664606940000,7.582,7.582,7.565,7.567,20004.07
1664607000000,7.565,7.574,7.565,7.572,1976.69
1664607060000,7.572,7.572,7.564,7.566,2302.31
1664607120000,7.566,7.57,7.566,7.568,491.53
1664607180000,7.568,7.573,7.559,7.571,12489.07
1664607240000,7.57,7.57,7.56,7.562,12724.76
1664607300000,7.561,7.562,7.56,7.561,946.72
1664607360000,7.561,7.562,7.558,7.56,1531.59
1664607420000,7.56,7.562,7.559,7.562,897.39
1664607480000,7.562,7.564,7.56,7.563,849.16
1664607540000,7.564,7.569,7.564,7.569,2408.65
1664607600000,7.569,7.569,7.56,7.567,1861.77
1664607660000,7.565,7.566,7.564,7.565,488.65
1664607720000,7.565,7.566,7.563,7.563,276.67
1664607780000,7.562,7.563,7.559,7.559,1722.34
1664607840000,7.559,7.559,7.554,7.557,5359.54
1664607900000,7.555,7.559,7.545,7.545,9225.8
1664607960000,7.545,7.548,7.545,7.546,1231.27
1664608020000,7.545,7.549,7.544,7.547,2389.11
1664608080000,7.549,7.549,7.544,7.547,837.49
1664608140000,7.547,7.547,7.537,7.543,2990.08
1664608200000,7.543,7.548,7.539,7.544,3765.22
1664608260000,7.544,7.55,7.544,7.55,1030.05
1664608320000,7.549,7.555,7.549,7.554,354.04
1664608380000,7.555,7.555,7.552,7.554,254.28
1664608440000,7.556,7.563,7.556,7.562,746.57
1664608500000,7.562,7.562,7.559,7.559,1241.68
1664608560000,7.561,7.565,7.561,7.565,483.9
1664608620000,7.566,7.568,7.565,7.567,540.37
1664608680000,7.567,7.581,7.567,7.577,14010.65
1664608740000,7.577,7.582,7.577,7.582,1843.0
1664608800000,7.582,7.582,7.575,7.577,1030.46
1664608860000,7.576,7.577,7.572,7.575,657.79
1664608920000,7.577,7.584,7.577,7.584,4874.68
1664608980000,7.584,7.586,7.579,7.581,1881.73
1664609040000,7.579,7.582,7.578,7.58,372.16
1664609100000,7.579,7.579,7.572,7.572,947.7
1664609160000,7.571,7.571,7.563,7.564,3960.78
1664609220000,7.564,7.564,7.562,7.564,212.61
1664609280000,7.563,7.564,7.563,7.563,752.37
1664609340000,7.565,7.569,7.565,7.569,285.72
1664609400000,7.569,7.576,7.568,7.573,891.65
1664609460000,7.572,7.572,7.569,7.569,365.91
1664609520000,7.569,7.571,7.569,7.571,110.88
1664609580000,7.57,7.57,7.57,7.57,13.47
1664609640000,7.57,7.57,7.561,7.565,1936.19
1664609700000,7.566,7.566,7.563,7.564,1629.43
1664609760000,7.565,7.567,7.564,7.567,624.4
1664609820000,7.566,7.568,7.566,7.568,283.07
1664609880000,7.568,7.577,7.568,7.577,1483.45
1664609940000,7.578,7.583,7.578,7.582,698.11
1664610000000,7.584,7.587,7.582,7.587,1385.26
1664610060000,7.587,7.587,7.584,7.584,1070.56
1664610120000,7.584,7.584,7.584,7.584,32.83
1664610180000,7.584,7.584,7.583,7.583,161.88
1664610240000,7.583,7.583,7.583,7.583,170.48
1664610300000,7.583,7.594,7.582,7.593,1415.88
1664610360000,7.592,7.6,7.592,7.597,1591.26
1664610420000,7.597,7.599,7.595,7.596,384.74
1664610480000,7.597,7.605,7.597,7.601,1957.07
1664610540000,7.601,7.607,7.601,7.604,914.02
1664610600000,7.604,7.606,7.604,7.605,470.91
1664610660000,7.603,7.604,7.602,7.604,591.98
1664610720000,7.603,7.605,7.602,7.604,175.77
1664610780000,7.603,7.603,7.6,7.601,433.73
1664610840000,7.602,7.603,7.6,7.601,554.99
1664610900000,7.602,7.607,7.602,7.607,661.58
1664610960000,7.606,7.616,7.606,7.61,3293.95
1664611020000,7.611,7.614,7.607,7.61,1266.11
1664611080000,7.607,7.609,7.604,7.606,2908.98
1664611140000,7.607,7.609,7.605,7.605,733.83
1664611200000,7.606,7.611,7.603,7.61,1468.32
1664611260000,7.609,7.615,7.607,7.615,3408.12
1664611320000,7.616,7.616,7.614,7.616,416.1
1664611380000,7.615,7.615,7.61,7.614,765.05
1664611440000,7.616,7.616,7.612,7.615,1021.45
1664611500000,7.614,7.614,7.609,7.61,1321.83
1664611560000,7.609,7.609,7.609,7.609,276.54
1664611620000,7.609,7.615,7.609,7.613,4636.8
1664611680000,7.614,7.614,7.609,7.609,199.63
1664611740000,7.611,7.611,7.61,7.61,110.7
1664611800000,7.61,7.611,7.605,7.607,1009.44
1664611860000,7.607,7.608,7.604,7.605,540.34
1664611920000,7.605,7.605,7.602,7.602,201.7
1664611980000,7.604,7.604,7.598,7.6,3362.47
1664612040000,7.601,7.607,7.601,7.607,1370.96
1664612100000,7.609,7.61,7.609,7.61,924.14
1664612160000,7.61,7.61,7.61,7.61,76.86
1664612220000,7.61,7.61,7.607,7.607,365.29
1664612280000,7.607,7.61,7.607,7.609,147.36
1664612340000,7.609,7.616,7.609,7.611,983.47
1664612400000,7.611,7.614,7.609,7.609,944.27
1664612460000,7.609,7.61,7.609,7.609,1181.03
1664612520000,7.609,7.609,7.605,7.607,539.31
1664612580000,7.609,7.611,7.609,7.61,303.55
1664612640000,7.611,7.62,7.611,7.612,1144.43
1664612700000,7.614,7.619,7.614,7.616,1622.62
1664612760000,7.617,7.621,7.617,7.621,794.88
1664612820000,7.621,7.621,7.609,7.614,6047.16
1664612880000,7.614,7.614,7.607,7.611,431.52
1664612940000,7.611,7.612,7.61,7.611,1309.21
1664613000000,7.611,7.617,7.611,7.617,507.53
1664613060000,7.617,7.626,7.614,7.625,3667.74
1664613120000,7.622,7.625,7.621,7.625,1170.79
1664613180000,7.624,7.624,7.614,7.617,7896.37
1664613240000,7.617,7.623,7.614,7.622,1071.28
1664613300000,7.623,7.623,7.615,7.617,736.31
1664613360000,7.62,7.62,7.617,7.617,352.47
1664613420000,7.615,7.616,7.615,7.616,66.61
1664613480000,7.615,7.615,7.612,7.612,311.62
1664613540000,7.612,7.612,7.61,7.61,265.36
1664613600000,7.61,7.61,7.607,7.607,754.87
1664613660000,7.608,7.608,7.602,7.607,1652.64
1664613720000,7.606,7.61,7.606,7.609,538.78
1664613780000,7.609,7.609,7.607,7.607,1611.51
1664613840000,7.609,7.611,7.609,7.611,351.63
1664613900000,7.611,7.611,7.607,7.607,1372.49
1664613960000,7.608,7.611,7.606,7.611,221.36
1664614020000,7.61,7.612,7.61,7.612,389.62
1664614080000,7.612,7.612,7.608,7.608,112.25
1664614140000,7.608,7.608,7.6,7.604,1307.38
1664614200000,7.603,7.607,7.603,7.604,284.88
1664614260000,7.606,7.608,7.606,7.606,669.2
1664614320000,7.607,7.607,7.605,7.605,222.94
1664614380000,7.605,7.606,7.605,7.606,121.43
1664614440000,7.605,7.605,7.601,7.601,526.86
1664614500000,7.602,7.611,7.602,7.608,3628.79
1664614560000,7.607,7.607,7.607,7.607,261.36
1664614620000,7.605,7.606,7.602,7.603,996.51
1664614680000,7.602,7.602,7.597,7.598,2382.23
1664614740000,7.599,7.604,7.599,7.603,471.52
1664614800000,7.604,7.61,7.604,7.61,893.62
1664614860000,7.609,7.609,7.608,7.608,332.3
1664614920000,7.608,7.612,7.608,7.61,1682.35
1664614980000,7.614,7.616,7.612,7.612,242.86
1664615040000,7.613,7.614,7.613,7.614,287.76
1664615100000,7.613,7.613,7.609,7.613,790.0
1664615160000,7.612,7.616,7.611,7.616,225.13
1664615220000,7.615,7.619,7.615,7.616,1341.67
1664615280000,7.616,7.618,7.616,7.617,354.58
1664615340000,7.616,7.616,7.611,7.613,1379.54
1664615400000,7.613,7.614,7.613,7.614,442.86
1664615460000,7.615,7.616,7.615,7.616,92.09
1664615520000,7.615,7.615,7.614,7.614,193.47
1664615580000,7.614,7.614,7.606,7.61,462.6
1664615640000,7.61,7.61,7.609,7.609,330.15
1664615700000,7.609,7.609,7.608,7.608,12.78
1664615760000,7.608,7.608,7.607,7.608,213.07
1664615820000,7.608,7.612,7.608,7.612,920.58
1664615880000,7.612,7.612,7.61,7.61,464.41
1664615940000,7.61,7.613,7.608,7.608,1690.54
1664616000000,7.606,7.608,7.603,7.604,2129.51
1664616060000,7.605,7.609,7.604,7.607,407.8
1664616120000,7.606,7.608,7.604,7.605,2267.91
1664616180000,7.607,7.611,7.607,7.611,358.47
1664616240000,7.61,7.61,7.608,7.608,338.81
1664616300000,7.608,7.608,7.603,7.604,1734.69
1664616360000,7.603,7.606,7.603,7.604,992.21
1664616420000,7.604,7.605,7.598,7.6,1648.65
1664616480000,7.6,7.601,7.596,7.599,1018.4
1664616540000,7.598,7.598,7.594,7.595,2304.44
1664616600000,7.595,7.596,7.591,7.596,1585.54
1664616660000,7.595,7.597,7.592,7.592,541.61
1664616720000,7.592,7.602,7.592,7.597,4970.82
1664616780000,7.597,7.597,7.591,7.593,695.91
1664616840000,7.594,7.6,7.594,7.598,1667.46
1664616900000,7.598,7.598,7.593,7.593,397.29
1664616960000,7.592,7.599,7.59,7.598,386.12
1664617020000,7.598,7.598,7.598,7.598,123.69
1664617080000,7.599,7.603,7.599,7.6,854.63
1664617140000,7.602,7.602,7.597,7.599,760.76
1664617200000,7.599,7.602,7.599,7.601,177.72
1664617260000,7.601,7.602,7.598,7.602,1059.97
1664617320000,7.602,7.602,7.601,7.602,260.35
1664617380000,7.602,7.603,7.601,7.602,1640.75
1664617440000,7.603,7.604,7.603,7.604,92.87
1664617500000,7.604,7.604,7.601,7.602,1287.18
1664617560000,7.604,7.604,7.6,7.6,1236.91
1664617620000,7.6,7.625,7.596,7.62,49421.26
1664617680000,7.621,7.622,7.62,7.622,1269.34
1664617740000,7.622,7.623,7.616,7.619,674.13
1664617800000,7.616,7.622,7.616,7.622,298.68
1664617860000,7.622,7.635,7.622,7.634,4164.18
1664617920000,7.633,7.636,7.63,7.635,1268.54
1664617980000,7.633,7.634,7.627,7.627,2718.26
1664618040000,7.627,7.627,7.624,7.626,1761.68
1664618100000,7.625,7.632,7.623,7.632,444.41
1664618160000,7.631,7.632,7.629,7.632,340.24
1664618220000,7.631,7.631,7.623,7.625,1372.13
1664618280000,7.626,7.626,7.618,7.618,599.36
1664618340000,7.617,7.618,7.615,7.618,365.47
1664618400000,7.619,7.627,7.619,7.627,2155.18
1664618460000,7.628,7.629,7.626,7.626,1473.92
1664618520000,7.628,7.632,7.628,7.63,2823.14
1664618580000,7.629,7.63,7.629,7.63,395.22
1664618640000,7.629,7.629,7.628,7.628,333.7
1664618700000,7.629,7.63,7.627,7.628,1536.3
1664618760000,7.627,7.629,7.626,7.626,2081.12
1664618820000,7.626,7.627,7.623,7.623,361.88
1664618880000,7.622,7.624,7.617,7.624,1141.06
1664618940000,7.622,7.622,7.617,7.618,300.06
1664619000000,7.619,7.622,7.619,7.62,250.47
1664619060000,7.62,7.62,7.617,7.617,444.33
1664619120000,7.618,7.618,7.614,7.614,190.92
1664619180000,7.614,7.618,7.614,7.617,238.45
1664619240000,7.616,7.617,7.613,7.616,387.91
1664619300000,7.618,7.618,7.615,7.615,2067.1
1664619360000,7.614,7.614,7.61,7.61,1030.07
1664619420000,7.61,7.61,7.608,7.609,138.26
1664619480000,7.609,7.61,7.605,7.605,661.24
1664619540000,7.604,7.609,7.598,7.609,1214.97
1664619600000,7.61,7.615,7.61,7.612,4899.76
1664619660000,7.613,7.619,7.613,7.619,3001.73
1664619720000,7.62,7.625,7.62,7.625,885.37
1664619780000,7.624,7.625,7.62,7.624,1329.99
1664619840000,7.625,7.626,7.623,7.623,255.78
1664619900000,7.619,7.619,7.615,7.619,728.89
1664619960000,7.618,7.619,7.616,7.618,563.23
1664620020000,7.619,7.619,7.617,7.618,568.72
1664620080000,7.617,7.619,7.617,7.619,77.07
1664620140000,7.618,7.622,7.617,7.617,1017.59
1664620200000,7.619,7.622,7.618,7.621,736.32
1664620260000,7.622,7.626,7.622,7.626,55.21
1664620320000,7.627,7.627,7.626,7.626,1322.43
1664620380000,7.626,7.629,7.626,7.629,235.11
1664620440000,7.63,7.631,7.63,7.631,60.16
1664620500000,7.63,7.63,7.627,7.627,1897.61
1664620560000,7.628,7.632,7.628,7.63,376.42
1664620620000,7.629,7.63,7.629,7.63,302.48
1664620680000,7.631,7.631,7.629,7.629,141.49
1664620740000,7.629,7.63,7.629,7.63,299.03
1664620800000,7.625,7.628,7.625,7.628,86.92
1664620860000,7.631,7.631,7.626,7.627,1128.34
1664620920000,7.626,7.627,7.626,7.627,143.8
1664620980000,7.626,7.631,7.626,7.631,1304.86
1664621040000,7.631,7.637,7.629,7.631,2056.83
1664621100000,7.632,7.635,7.631,7.632,412.99
1664621160000,7.636,7.636,7.632,7.633,47.21
1664621220000,7.632,7.632,7.63,7.632,22.55
1664621280000,7.634,7.634,7.63,7.632,306.19
1664621340000,7.632,7.632,7.629,7.629,280.91
1664621400000,7.629,7.629,7.629,7.629,268.69
1664621460000,7.629,7.629,7.622,7.624,558.59
1664621520000,7.623,7.623,7.618,7.622,1722.3
1664621580000,7.621,7.621,7.616,7.618,445.48
1664621640000,7.621,7.624,7.619,7.624,679.2
1664621700000,7.623,7.624,7.62,7.621,1947.72
1664621760000,7.623,7.624,7.623,7.623,390.55
1664621820000,7.624,7.624,7.619,7.619,1820.95
1664621880000,7.62,7.623,7.62,7.621,323.96
1664621940000,7.621,7.621,7.62,7.62,67.94
1664622000000,7.621,7.622,7.617,7.621,1064.27
1664622060000,7.621,7.622,7.612,7.618,6274.25
1664622120000,7.62,7.62,7.617,7.619,150.87
1664622180000,7.619,7.62,7.619,7.619,89.91
1664622240000,7.619,7.619,7.619,7.619,110.26
1664622300000,7.618,7.619,7.618,7.619,143.4
1664622360000,7.618,7.619,7.618,7.619,90.22
1664622420000,7.619,7.622,7.619,7.621,401.48
1664622480000,7.622,7.622,7.619,7.619,393.9
1664622540000,7.619,7.619,7.615,7.615,663.6
1664622600000,7.615,7.617,7.61,7.612,3321.91
1664622660000,7.613,7.614,7.609,7.61,606.92
1664622720000,7.61,7.61,7.604,7.609,1856.41
1664622780000,7.608,7.61,7.608,7.61,347.64
1664622840000,7.61,7.612,7.61,7.612,150.79
1664622900000,7.613,7.615,7.613,7.613,127.92
1664622960000,7.614,7.616,7.613,7.615,1320.34
1664623020000,7.613,7.613,7.613,7.613,89.79
1664623080000,7.61,7.613,7.61,7.613,47.08
1664623140000,7.612,7.612,7.611,7.612,283.24
1664623200000,7.611,7.616,7.611,7.616,310.45
1664623260000,7.616,7.62,7.616,7.619,260.92
1664623320000,7.619,7.619,7.611,7.611,2389.18
1664623380000,7.612,7.612,7.605,7.605,400.31
1664623440000,7.605,7.605,7.601,7.601,1553.88
1664623500000,7.601,7.606,7.599,7.603,3428.35
1664623560000,7.601,7.603,7.595,7.596,1382.5
1664623620000,7.596,7.597,7.59,7.594,2357.87
1664623680000,7.592,7.592,7.583,7.586,1465.65
1664623740000,7.586,7.588,7.557,7.566,10166.63
1664623800000,7.567,7.581,7.565,7.579,4832.56
1664623860000,7.578,7.579,7.568,7.572,1716.72
1664623920000,7.57,7.574,7.563,7.564,1549.75
1664623980000,7.565,7.573,7.565,7.567,5087.72
1664624040000,7.567,7.574,7.564,7.574,1601.74
1664624100000,7.573,7.582,7.564,7.582,1493.16
1664624160000,7.583,7.584,7.576,7.576,307.88
1664624220000,7.576,7.582,7.576,7.576,921.16
1664624280000,7.576,7.576,7.564,7.569,3958.95
1664624340000,7.572,7.575,7.57,7.572,489.69
1664624400000,7.573,7.573,7.567,7.569,368.26
1664624460000,7.569,7.573,7.569,7.572,532.45
1664624520000,7.573,7.578,7.573,7.578,698.76
1664624580000,7.579,7.591,7.577,7.589,2148.01
1664624640000,7.591,7.596,7.591,7.592,1295.42
1664624700000,7.591,7.592,7.586,7.589,856.78
1664624760000,7.587,7.588,7.587,7.587,328.04
1664624820000,7.587,7.587,7.586,7.587,363.73
1664624880000,7.585,7.587,7.584,7.587,900.37
1664624940000,7.586,7.586,7.586,7.586,155.31
1664625000000,7.586,7.586,7.579,7.583,863.19
1664625060000,7.585,7.591,7.585,7.59,1786.49
1664625120000,7.588,7.595,7.588,7.595,452.76
1664625180000,7.596,7.602,7.595,7.599,2165.01
1664625240000,7.599,7.604,7.599,7.604,364.42
1664625300000,7.604,7.604,7.592,7.593,705.05
1664625360000,7.593,7.597,7.593,7.595,417.16
1664625420000,7.593,7.598,7.593,7.597,285.51
1664625480000,7.598,7.599,7.595,7.595,1568.31
1664625540000,7.593,7.594,7.59,7.59,380.19
1664625600000,7.589,7.594,7.589,7.589,808.01
1664625660000,7.591,7.591,7.585,7.585,3476.37
1664625720000,7.584,7.585,7.582,7.582,304.27
1664625780000,7.582,7.583,7.577,7.583,2009.63
1664625840000,7.584,7.585,7.581,7.581,779.33
1664625900000,7.582,7.582,7.58,7.58,195.16
1664625960000,7.581,7.581,7.575,7.576,723.4
1664626020000,7.576,7.58,7.575,7.58,572.94
1664626080000,7.579,7.58,7.575,7.575,491.92
1664626140000,7.576,7.576,7.572,7.572,967.19
1664626200000,7.57,7.57,7.565,7.566,1803.96
1664626260000,7.566,7.574,7.566,7.568,512.6
1664626320000,7.57,7.573,7.57,7.573,303.92
1664626380000,7.574,7.577,7.571,7.572,1176.55
1664626440000,7.571,7.571,7.57,7.571,154.49
1664626500000,7.571,7.571,7.564,7.569,504.43
1664626560000,7.567,7.577,7.567,7.574,2289.03
1664626620000,7.574,7.577,7.574,7.575,1118.84
1664626680000,7.572,7.573,7.572,7.572,122.27
1664626740000,7.572,7.576,7.572,7.572,583.02
1664626800000,7.569,7.574,7.568,7.573,817.82
1664626860000,7.573,7.573,7.57,7.571,798.3
1664626920000,7.571,7.573,7.569,7.57,169.54
1664626980000,7.57,7.572,7.562,7.564,10878.48
1664627040000,7.561,7.564,7.55,7.553,3176.09
1664627100000,7.552,7.557,7.551,7.556,2443.55
1664627160000,7.556,7.556,7.553,7.555,851.08
1664627220000,7.554,7.558,7.551,7.555,2515.92
1664627280000,7.554,7.554,7.552,7.553,388.58
1664627340000,7.553,7.553,7.551,7.553,84.26
1664627400000,7.553,7.553,7.543,7.545,2874.65
1664627460000,7.545,7.56,7.545,7.558,2704.56
1664627520000,7.558,7.565,7.558,7.565,1027.09
1664627580000,7.565,7.565,7.558,7.558,528.19
1664627640000,7.558,7.559,7.554,7.558,570.59
1664627700000,7.553,7.553,7.548,7.551,364.58
1664627760000,7.551,7.555,7.551,7.555,278.31
1664627820000,7.555,7.555,7.552,7.553,522.04
1664627880000,7.552,7.552,7.547,7.549,817.08
1664627940000,7.547,7.547,7.546,7.546,360.69
1664628000000,7.545,7.549,7.542,7.544,1212.28
1664628060000,7.546,7.546,7.537,7.538,2392.57
1664628120000,7.537,7.537,7.533,7.534,1516.91
1664628180000,7.533,7.536,7.533,7.536,1058.97
1664628240000,7.536,7.536,7.534,7.534,411.61
1664628300000,7.535,7.548,7.535,7.54,3133.71
1664628360000,7.539,7.549,7.539,7.549,357.97
1664628420000,7.548,7.548,7.541,7.542,2137.0
1664628480000,7.541,7.544,7.541,7.543,710.42
1664628540000,7.541,7.543,7.54,7.543,4324.96
1664628600000,7.542,7.542,7.533,7.542,4387.36
1664628660000,7.541,7.543,7.539,7.543,1058.76
1664628720000,7.542,7.547,7.542,7.547,825.87
1664628780000,7.547,7.549,7.546,7.546,423.81
1664628840000,7.544,7.549,7.544,7.549,495.88
1664628900000,7.548,7.549,7.548,7.549,1479.25
1664628960000,7.548,7.55,7.545,7.55,1890.1
1664629020000,7.55,7.551,7.547,7.551,516.92
1664629080000,7.551,7.556,7.551,7.556,521.29
1664629140000,7.555,7.562,7.554,7.561,1820.02
1664629200000,7.561,7.562,7.553,7.558,1751.24
1664629260000,7.557,7.56,7.556,7.56,2551.89
1664629320000,7.559,7.559,7.551,7.552,1335.29
1664629380000,7.552,7.552,7.55,7.552,795.69
1664629440000,7.551,7.551,7.549,7.55,355.05
1664629500000,7.551,7.551,7.547,7.549,336.11
1664629560000,7.549,7.551,7.548,7.551,433.32
1664629620000,7.554,7.554,7.551,7.552,120.69
1664629680000,7.553,7.553,7.551,7.553,152.78
1664629740000,7.553,7.553,7.55,7.551,128.75
1664629800000,7.551,7.551,7.548,7.55,1413.96
1664629860000,7.553,7.564,7.553,7.564,1284.35
1664629920000,7.557,7.56,7.557,7.559,330.22
1664629980000,7.559,7.565,7.557,7.564,1217.92
1664630040000,7.563,7.566,7.563,7.564,505.11
1664630100000,7.566,7.567,7.562,7.564,1120.7
1664630160000,7.564,7.573,7.564,7.571,2782.89
1664630220000,7.568,7.574,7.568,7.573,1689.35
1664630280000,7.573,7.579,7.572,7.577,840.19
1664630340000,7.577,7.58,7.575,7.579,1102.21
1664630400000,7.579,7.579,7.573,7.576,671.62
1664630460000,7.576,7.585,7.57,7.572,8160.19
1664630520000,7.572,7.574,7.571,7.572,280.83
1664630580000,7.573,7.577,7.573,7.576,691.92
1664630640000,7.578,7.58,7.574,7.577,1243.38
1664630700000,7.578,7.578,7.575,7.577,308.79
1664630760000,7.578,7.578,7.571,7.577,3928.54
1664630820000,7.576,7.58,7.576,7.58,180.77
1664630880000,7.579,7.581,7.578,7.579,292.78
1664630940000,7.577,7.582,7.575,7.577,317.71
1664631000000,7.577,7.582,7.57,7.57,4570.05
1664631060000,7.57,7.57,7.566,7.566,1021.14
1664631120000,7.567,7.569,7.567,7.568,1181.44
1664631180000,7.567,7.57,7.566,7.57,2018.32
1664631240000,7.568,7.568,7.567,7.567,98.84
1664631300000,7.568,7.568,7.566,7.566,1219.34
1664631360000,7.568,7.574,7.568,7.573,986.87
1664631420000,7.568,7.568,7.568,7.568,57.25
1664631480000,7.568,7.568,7.566,7.566,142.61
1664631540000,7.566,7.566,7.558,7.56,1041.95
1664631600000,7.558,7.566,7.549,7.564,5071.77
1664631660000,7.562,7.566,7.562,7.566,354.26
1664631720000,7.565,7.565,7.561,7.561,445.6
1664631780000,7.561,7.562,7.56,7.56,262.48
1664631840000,7.557,7.557,7.551,7.552,868.45
1664631900000,7.551,7.557,7.551,7.556,355.34
1664631960000,7.558,7.558,7.553,7.555,252.4
1664632020000,7.555,7.556,7.533,7.533,55773.52
1664632080000,7.534,7.534,7.522,7.523,9792.05
1664632140000,7.523,7.528,7.522,7.526,8814.69
1664632200000,7.526,7.53,7.521,7.526,3712.47
1664632260000,7.527,7.536,7.527,7.535,5632.36
1664632320000,7.534,7.534,7.525,7.53,4191.64
1664632380000,7.531,7.532,7.523,7.525,2885.22
1664632440000,7.525,7.533,7.525,7.533,1816.88
1664632500000,7.532,7.533,7.53,7.53,819.26
1664632560000,7.53,7.534,7.53,7.534,903.16
1664632620000,7.532,7.533,7.53,7.532,2449.06
1664632680000,7.534,7.539,7.533,7.539,1041.84
1664632740000,7.538,7.538,7.535,7.535,750.47
1664632800000,7.536,7.54,7.535,7.537,2239.27
1664632860000,7.538,7.541,7.536,7.54,2129.77
1664632920000,7.541,7.541,7.538,7.538,527.69
1664632980000,7.538,7.542,7.538,7.541,438.6
1664633040000,7.54,7.541,7.538,7.54,804.09
1664633100000,7.54,7.541,7.538,7.538,1525.93
1664633160000,7.537,7.537,7.535,7.535,43.49
1664633220000,7.534,7.534,7.526,7.532,2388.68
1664633280000,7.532,7.536,7.53,7.535,4531.1
1664633340000,7.536,7.539,7.535,7.535,1107.22
1664633400000,7.536,7.539,7.535,7.535,1531.21
1664633460000,7.536,7.542,7.535,7.539,3531.75
1664633520000,7.536,7.541,7.536,7.538,1506.75
1664633580000,7.536,7.539,7.535,7.538,885.08
1664633640000,7.538,7.54,7.537,7.54,981.54
1664633700000,7.54,7.543,7.539,7.54,1617.91
1664633760000,7.54,7.544,7.54,7.543,1803.03
1664633820000,7.544,7.545,7.541,7.541,790.9
1664633880000,7.541,7.541,7.535,7.536,2602.16
1664633940000,7.536,7.536,7.533,7.533,488.33
1664634000000,7.533,7.534,7.53,7.534,721.33
1664634060000,7.532,7.536,7.531,7.533,1119.78
1664634120000,7.532,7.534,7.532,7.534,355.37
1664634180000,7.532,7.539,7.532,7.536,1036.52
1664634240000,7.534,7.537,7.534,7.537,206.96
1664634300000,7.536,7.536,7.533,7.535,659.32
1664634360000,7.536,7.536,7.535,7.536,278.03
1664634420000,7.538,7.538,7.534,7.536,1639.6
1664634480000,7.536,7.538,7.532,7.532,3151.22
1664634540000,7.533,7.535,7.533,7.533,699.8
1664634600000,7.533,7.535,7.533,7.535,332.36
1664634660000,7.534,7.535,7.533,7.533,1290.6
1664634720000,7.532,7.532,7.524,7.524,3528.97
1664634780000,7.525,7.528,7.51,7.526,28615.07
1664634840000,7.527,7.528,7.521,7.521,350.89
1664634900000,7.523,7.524,7.516,7.518,1631.5
1664634960000,7.517,7.521,7.516,7.52,790.19
1664635020000,7.521,7.521,7.517,7.519,107.56
1664635080000,7.518,7.518,7.515,7.518,1644.8
1664635140000,7.518,7.522,7.518,7.521,513.32
1664635200000,7.522,7.525,7.517,7.519,4538.44
1664635260000,7.518,7.522,7.518,7.519,2217.62
1664635320000,7.517,7.52,7.516,7.52,631.17
1664635380000,7.52,7.522,7.52,7.521,734.4
1664635440000,7.521,7.523,7.52,7.522,146.35
1664635500000,7.523,7.524,7.518,7.524,678.95
1664635560000,7.521,7.523,7.519,7.523,741.54
1664635620000,7.523,7.527,7.523,7.527,563.12
1664635680000,7.525,7.527,7.523,7.527,2373.56
1664635740000,7.528,7.528,7.525,7.525,3883.36
1664635800000,7.525,7.526,7.524,7.524,152.01
1664635860000,7.524,7.526,7.524,7.525,453.65
1664635920000,7.523,7.525,7.521,7.525,1609.21
1664635980000,7.525,7.528,7.525,7.528,2027.14
1664636040000,7.528,7.536,7.528,7.535,2987.52
1664636100000,7.535,7.54,7.535,7.538,1352.21
1664636160000,7.537,7.538,7.536,7.536,829.76
1664636220000,7.534,7.534,7.527,7.529,1518.08
1664636280000,7.529,7.533,7.528,7.532,1713.31
1664636340000,7.533,7.533,7.524,7.524,913.36
1664636400000,7.525,7.525,7.516,7.516,2428.36
1664636460000,7.515,7.519,7.51,7.514,4592.99
1664636520000,7.515,7.517,7.515,7.516,207.35
1664636580000,7.516,7.526,7.516,7.521,1779.49
1664636640000,7.52,7.52,7.516,7.517,985.45
1664636700000,7.515,7.518,7.513,7.516,1391.51
1664636760000,7.515,7.518,7.514,7.517,1069.5
1664636820000,7.516,7.517,7.515,7.515,1011.0
1664636880000,7.515,7.519,7.515,7.515,1320.33
1664636940000,7.515,7.517,7.515,7.517,241.22
1664637000000,7.518,7.521,7.518,7.52,1159.14
1664637060000,7.519,7.522,7.519,7.521,381.67
1664637120000,7.522,7.528,7.522,7.524,3330.35
1664637180000,7.523,7.528,7.523,7.526,377.38
1664637240000,7.527,7.53,7.527,7.53,665.3
1664637300000,7.531,7.532,7.525,7.531,13893.54
1664637360000,7.531,7.531,7.524,7.524,1897.63
1664637420000,7.524,7.527,7.524,7.527,1006.94
1664637480000,7.527,7.531,7.525,7.531,715.65
1664637540000,7.53,7.53,7.524,7.527,3770.42
1664637600000,7.526,7.528,7.521,7.521,403.66
1664637660000,7.522,7.523,7.519,7.522,1258.56
1664637720000,7.522,7.526,7.52,7.524,1180.84
1664637780000,7.524,7.525,7.522,7.524,2680.57
1664637840000,7.524,7.53,7.524,7.527,2225.23
1664637900000,7.526,7.527,7.52,7.524,4081.16
1664637960000,7.523,7.524,7.523,7.523,789.33
1664638020000,7.524,7.53,7.522,7.528,5036.88
1664638080000,7.527,7.529,7.527,7.529,2619.84
1664638140000,7.529,7.529,7.526,7.528,1351.47
1664638200000,7.528,7.529,7.528,7.528,1161.34
1664638260000,7.528,7.53,7.528,7.528,342.85
1664638320000,7.529,7.536,7.529,7.533,3138.86
1664638380000,7.533,7.535,7.531,7.535,503.79
1664638440000,7.535,7.535,7.529,7.533,1520.07
1664638500000,7.533,7.535,7.533,7.535,734.41
1664638560000,7.535,7.54,7.535,7.539,1355.04
1664638620000,7.54,7.544,7.539,7.54,2006.0
1664638680000,7.54,7.545,7.54,7.545,1841.79
1664638740000,7.545,7.545,7.541,7.542,1228.14
1664638800000,7.538,7.546,7.538,7.546,3422.34
1664638860000,7.546,7.547,7.544,7.544,1006.06
1664638920000,7.545,7.546,7.545,7.546,177.7
1664638980000,7.548,7.551,7.548,7.551,537.12
1664639040000,7.55,7.556,7.55,7.555,251.55
1664639100000,7.556,7.558,7.552,7.553,2976.74
1664639160000,7.555,7.555,7.552,7.553,774.12
1664639220000,7.553,7.554,7.547,7.548,1357.32
1664639280000,7.548,7.548,7.545,7.545,288.65
1664639340000,7.545,7.545,7.54,7.542,1178.02
1664639400000,7.544,7.553,7.544,7.551,1905.95
1664639460000,7.551,7.555,7.551,7.555,550.23
1664639520000,7.555,7.555,7.552,7.554,390.11
1664639580000,7.554,7.559,7.551,7.552,933.39
1664639640000,7.554,7.555,7.554,7.555,42.68
1664639700000,7.554,7.554,7.55,7.553,1673.84
1664639760000,7.553,7.553,7.552,7.553,399.98
1664639820000,7.552,7.552,7.546,7.547,977.2
1664639880000,7.548,7.557,7.548,7.553,719.34
1664639940000,7.554,7.558,7.55,7.558,392.16
1664640000000,7.557,7.559,7.541,7.541,13377.77
1664640060000,7.541,7.546,7.54,7.546,925.44
1664640120000,7.546,7.548,7.544,7.546,841.08
1664640180000,7.545,7.546,7.543,7.545,792.39
1664640240000,7.545,7.548,7.544,7.547,731.41
1664640300000,7.546,7.546,7.538,7.539,749.53
1664640360000,7.539,7.539,7.528,7.528,3530.92
1664640420000,7.527,7.528,7.513,7.522,4547.91
1664640480000,7.525,7.538,7.525,7.535,3936.19
1664640540000,7.534,7.541,7.534,7.541,631.19
1664640600000,7.542,7.545,7.539,7.541,2567.36
1664640660000,7.542,7.544,7.541,7.541,715.58
1664640720000,7.542,7.543,7.537,7.538,2566.76
1664640780000,7.538,7.538,7.53,7.531,446.69
1664640840000,7.531,7.533,7.519,7.524,2296.01
1664640900000,7.524,7.524,7.453,7.488,114831.79
1664640960000,7.49,7.496,7.479,7.496,17451.62
1664641020000,7.497,7.498,7.493,7.496,1934.77
1664641080000,7.495,7.495,7.468,7.474,53646.35
1664641140000,7.475,7.483,7.474,7.483,5412.84
1664641200000,7.483,7.486,7.454,7.464,12311.18
1664641260000,7.462,7.47,7.455,7.465,7209.25
1664641320000,7.466,7.478,7.466,7.471,1576.06
1664641380000,7.472,7.48,7.472,7.476,6687.2
1664641440000,7.475,7.475,7.471,7.473,452.04
1664641500000,7.473,7.481,7.469,7.481,6381.52
1664641560000,7.481,7.485,7.48,7.483,2634.82
1664641620000,7.483,7.488,7.482,7.484,2124.67
1664641680000,7.485,7.49,7.485,7.488,2949.78
1664641740000,7.489,7.497,7.489,7.492,4535.32
1664641800000,7.493,7.498,7.485,7.485,2272.73
1664641860000,7.484,7.492,7.482,7.485,3188.17
1664641920000,7.487,7.487,7.484,7.485,1424.78
1664641980000,7.487,7.493,7.486,7.49,1718.9
1664642040000,7.493,7.493,7.489,7.489,432.92
1664642100000,7.489,7.492,7.482,7.492,1946.5
1664642160000,7.491,7.493,7.49,7.491,845.49
1664642220000,7.492,7.492,7.486,7.49,716.72
1664642280000,7.49,7.49,7.488,7.489,426.19
1664642340000,7.488,7.489,7.487,7.489,730.36
1664642400000,7.491,7.491,7.484,7.488,741.96
1664642460000,7.487,7.492,7.485,7.488,1579.03
1664642520000,7.486,7.486,7.453,7.464,16352.34
1664642580000,7.464,7.473,7.464,7.466,1877.18
1664642640000,7.464,7.47,7.462,7.468,2395.25
1664642700000,7.466,7.466,7.452,7.463,5105.88
1664642760000,7.465,7.469,7.461,7.464,1235.5
1664642820000,7.466,7.468,7.463,7.465,1071.83
1664642880000,7.465,7.466,7.454,7.46,3974.0
1664642940000,7.459,7.472,7.459,7.471,2289.81
1664643000000,7.471,7.471,7.434,7.439,78801.93
1664643060000,7.439,7.45,7.435,7.444,14854.02
1664643120000,7.445,7.454,7.436,7.436,4911.12
1664643180000,7.437,7.44,7.415,7.435,27147.14
1664643240000,7.433,7.434,7.43,7.433,2572.59
1664643300000,7.434,7.434,7.415,7.42,19066.49
1664643360000,7.42,7.434,7.419,7.433,2899.09
1664643420000,7.431,7.439,7.431,7.436,1541.8
1664643480000,7.438,7.447,7.438,7.444,3109.32
1664643540000,7.442,7.449,7.44,7.447,8651.33
1664643600000,7.445,7.451,7.438,7.446,3138.01
1664643660000,7.443,7.444,7.434,7.44,3170.6
1664643720000,7.437,7.441,7.436,7.441,1229.28
1664643780000,7.44,7.443,7.437,7.437,1729.28
1664643840000,7.439,7.441,7.436,7.44,751.02
1664643900000,7.442,7.445,7.44,7.441,2944.88
1664643960000,7.441,7.441,7.437,7.437,1463.82
1664644020000,7.438,7.444,7.433,7.442,1592.12
1664644080000,7.441,7.448,7.44,7.446,747.17
1664644140000,7.445,7.445,7.437,7.438,1134.96
1664644200000,7.437,7.437,7.432,7.432,867.66
1664644260000,7.432,7.432,7.423,7.426,3393.32
1664644320000,7.425,7.434,7.424,7.43,4935.32
1664644380000,7.43,7.43,7.423,7.425,606.5
1664644440000,7.425,7.425,7.407,7.408,8179.52
1664644500000,7.407,7.407,7.329,7.394,185200.07
1664644560000,7.394,7.394,7.386,7.394,4764.82
1664644620000,7.395,7.395,7.387,7.389,5749.6
1664644680000,7.39,7.395,7.387,7.394,2085.57
1664644740000,7.394,7.396,7.385,7.392,6838.73
1664644800000,7.392,7.398,7.391,7.392,2491.35
1664644860000,7.392,7.398,7.392,7.396,2153.62
1664644920000,7.397,7.397,7.383,7.386,2749.53
1664644980000,7.388,7.39,7.383,7.385,2689.95
1664645040000,7.385,7.386,7.363,7.372,5118.77
1664645100000,7.372,7.378,7.37,7.377,2487.94
1664645160000,7.377,7.381,7.373,7.377,3150.7
1664645220000,7.377,7.381,7.376,7.379,2224.34
1664645280000,7.381,7.393,7.381,7.388,11259.33
1664645340000,7.387,7.392,7.382,7.391,2422.47
1664645400000,7.39,7.391,7.386,7.391,897.74
1664645460000,7.392,7.395,7.389,7.39,1773.49
1664645520000,7.39,7.394,7.389,7.39,1539.79
1664645580000,7.391,7.394,7.39,7.39,749.02
1664645640000,7.39,7.393,7.388,7.391,1889.53
1664645700000,7.39,7.391,7.383,7.383,833.83
1664645760000,7.384,7.387,7.38,7.38,1628.29
1664645820000,7.378,7.388,7.375,7.386,3621.15
1664645880000,7.386,7.397,7.385,7.395,20643.13
1664645940000,7.394,7.394,7.392,7.393,489.25
1664646000000,7.393,7.393,7.385,7.386,1647.62
1664646060000,7.387,7.389,7.385,7.389,1147.48
1664646120000,7.39,7.402,7.39,7.398,17505.66
1664646180000,7.399,7.399,7.396,7.398,1199.42
1664646240000,7.397,7.398,7.392,7.398,4123.71
1664646300000,7.399,7.399,7.391,7.392,1431.81
1664646360000,7.391,7.393,7.383,7.387,6898.82
1664646420000,7.386,7.388,7.373,7.381,1232.86
1664646480000,7.381,7.392,7.38,7.387,2870.2
1664646540000,7.389,7.391,7.377,7.384,13155.74
1664646600000,7.382,7.382,7.372,7.379,3388.57
1664646660000,7.378,7.38,7.374,7.376,652.07
1664646720000,7.375,7.38,7.373,7.375,1126.25
1664646780000,7.374,7.376,7.372,7.375,2021.92
1664646840000,7.377,7.377,7.373,7.376,516.46
1664646900000,7.376,7.378,7.372,7.373,459.75
1664646960000,7.372,7.377,7.371,7.376,4543.72
1664647020000,7.376,7.378,7.374,7.374,612.15
1664647080000,7.374,7.374,7.37,7.374,867.31
1664647140000,7.372,7.372,7.371,7.372,733.56
1664647200000,7.371,7.374,7.369,7.37,3088.59
1664647260000,7.371,7.371,7.364,7.364,2022.81
1664647320000,7.364,7.365,7.363,7.365,1085.8
1664647380000,7.365,7.365,7.363,7.363,504.12
1664647440000,7.363,7.364,7.353,7.353,4237.79
1664647500000,7.351,7.353,7.347,7.347,4569.48
1664647560000,7.346,7.346,7.327,7.341,7748.28
1664647620000,7.341,7.344,7.329,7.344,14312.59
1664647680000,7.346,7.349,7.345,7.348,2932.22
1664647740000,7.349,7.355,7.347,7.347,1983.96
1664647800000,7.346,7.355,7.346,7.346,1646.8
1664647860000,7.346,7.347,7.336,7.347,9561.3
1664647920000,7.347,7.354,7.346,7.354,3230.5
1664647980000,7.354,7.356,7.352,7.356,858.03
1664648040000,7.356,7.356,7.347,7.349,945.03
1664648100000,7.349,7.352,7.346,7.352,1663.25
1664648160000,7.351,7.358,7.351,7.356,2081.2
1664648220000,7.356,7.365,7.355,7.359,2583.98
1664648280000,7.359,7.361,7.356,7.36,1269.94
1664648340000,7.36,7.375,7.353,7.374,60697.45
1664648400000,7.375,7.376,7.365,7.365,3427.89
1664648460000,7.366,7.368,7.364,7.365,1257.81
1664648520000,7.365,7.372,7.365,7.372,1041.19
1664648580000,7.371,7.376,7.37,7.375,1640.62
1664648640000,7.374,7.374,7.369,7.369,838.07
1664648700000,7.37,7.37,7.364,7.364,694.76
1664648760000,7.364,7.364,7.35,7.354,4410.82
1664648820000,7.356,7.361,7.356,7.361,1231.67
1664648880000,7.361,7.364,7.361,7.364,606.6
1664648940000,7.364,7.366,7.363,7.363,609.74
1664649000000,7.363,7.367,7.362,7.367,1745.04
1664649060000,7.367,7.368,7.362,7.364,2397.72
1664649120000,7.365,7.366,7.359,7.359,1701.21
1664649180000,7.361,7.361,7.355,7.36,1270.49
1664649240000,7.358,7.365,7.358,7.363,1657.03
1664649300000,7.363,7.364,7.359,7.359,481.96
1664649360000,7.36,7.364,7.359,7.363,252.8
1664649420000,7.362,7.362,7.36,7.362,995.12
1664649480000,7.361,7.364,7.361,7.363,231.83
1664649540000,7.362,7.364,7.362,7.363,129.87
1664649600000,7.362,7.375,7.362,7.37,2404.28
1664649660000,7.369,7.374,7.369,7.374,681.82
1664649720000,7.373,7.373,7.371,7.373,120.44
1664649780000,7.374,7.374,7.366,7.368,4842.8
1664649840000,7.371,7.371,7.368,7.368,200.65
1664649900000,7.366,7.368,7.359,7.362,3568.54
1664649960000,7.363,7.364,7.36,7.36,1185.71
1664650020000,7.362,7.372,7.362,7.368,2612.72
1664650080000,7.368,7.374,7.368,7.373,1333.62
1664650140000,7.372,7.378,7.371,7.377,1280.55
1664650200000,7.377,7.378,7.371,7.371,2049.93
1664650260000,7.372,7.379,7.372,7.379,928.21
1664650320000,7.378,7.384,7.378,7.384,1141.91
1664650380000,7.383,7.389,7.383,7.388,589.67
1664650440000,7.388,7.408,7.387,7.401,55270.4
1664650500000,7.402,7.402,7.392,7.392,13986.45
1664650560000,7.391,7.4,7.39,7.396,3194.75
1664650620000,7.396,7.399,7.393,7.395,2285.27
1664650680000,7.397,7.398,7.393,7.398,1807.84
1664650740000,7.397,7.398,7.396,7.397,689.55
1664650800000,7.397,7.398,7.383,7.386,9407.18
1664650860000,7.386,7.392,7.386,7.391,308.25
1664650920000,7.392,7.396,7.392,7.394,313.2
1664650980000,7.397,7.4,7.396,7.398,777.11
1664651040000,7.396,7.398,7.393,7.393,625.95
1664651100000,7.394,7.396,7.394,7.395,655.03
1664651160000,7.395,7.4,7.394,7.397,1156.44
1664651220000,7.397,7.397,7.396,7.396,265.18
1664651280000,7.396,7.398,7.394,7.394,524.79
1664651340000,7.393,7.395,7.391,7.393,7846.49
1664651400000,7.392,7.395,7.392,7.394,1038.63
1664651460000,7.393,7.393,7.392,7.393,1477.85
1664651520000,7.392,7.4,7.391,7.393,10997.36
1664651580000,7.392,7.392,7.39,7.39,804.79
1664651640000,7.39,7.39,7.388,7.389,1443.62
1664651700000,7.389,7.389,7.377,7.378,1742.08
1664651760000,7.379,7.381,7.379,7.381,903.15
1664651820000,7.381,7.402,7.38,7.396,40209.59
1664651880000,7.396,7.397,7.393,7.395,1982.99
1664651940000,7.394,7.395,7.391,7.391,2087.01
1664652000000,7.391,7.393,7.387,7.388,733.05
1664652060000,7.388,7.39,7.388,7.389,2499.31
1664652120000,7.389,7.389,7.388,7.389,939.48
1664652180000,7.388,7.39,7.384,7.386,5286.82
1664652240000,7.385,7.386,7.385,7.385,871.33
1664652300000,7.386,7.388,7.385,7.388,1048.19
1664652360000,7.387,7.387,7.385,7.386,4111.81
1664652420000,7.385,7.386,7.385,7.386,150.09
1664652480000,7.385,7.386,7.385,7.386,23.47
1664652540000,7.385,7.385,7.381,7.381,1086.41
1664652600000,7.38,7.382,7.377,7.382,5059.09
1664652660000,7.382,7.382,7.376,7.378,2925.32
1664652720000,7.379,7.385,7.379,7.384,2514.41
1664652780000,7.384,7.384,7.369,7.373,3235.02
1664652840000,7.373,7.376,7.373,7.373,2571.07
1664652900000,7.374,7.376,7.369,7.371,994.79
1664652960000,7.372,7.375,7.369,7.373,3815.74
1664653020000,7.374,7.375,7.362,7.363,3474.8
1664653080000,7.363,7.363,7.353,7.359,4087.07
1664653140000,7.358,7.358,7.354,7.356,1486.61
1664653200000,7.358,7.364,7.357,7.361,2922.42
1664653260000,7.36,7.362,7.353,7.354,3584.65
1664653320000,7.353,7.366,7.353,7.363,6177.81
1664653380000,7.364,7.369,7.364,7.367,2655.94
1664653440000,7.364,7.366,7.364,7.365,595.87
1664653500000,7.364,7.375,7.361,7.375,8465.87
1664653560000,7.374,7.375,7.373,7.373,347.12
1664653620000,7.376,7.38,7.376,7.38,726.31
1664653680000,7.38,7.394,7.38,7.394,7427.25
1664653740000,7.394,7.394,7.39,7.391,1336.87
1664653800000,7.392,7.396,7.392,7.392,3728.34
1664653860000,7.391,7.391,7.39,7.39,407.53
1664653920000,7.392,7.395,7.39,7.39,892.91
1664653980000,7.39,7.392,7.39,7.392,236.22
1664654040000,7.392,7.396,7.391,7.395,1142.41
1664654100000,7.396,7.396,7.391,7.393,2861.06
1664654160000,7.39,7.394,7.39,7.394,1410.57
1664654220000,7.394,7.394,7.391,7.392,583.09
1664654280000,7.392,7.395,7.386,7.386,18520.7
1664654340000,7.387,7.388,7.386,7.387,108.15
1664654400000,7.384,7.384,7.37,7.373,6064.97
1664654460000,7.373,7.378,7.371,7.371,38212.34
1664654520000,7.371,7.373,7.364,7.366,2305.09
1664654580000,7.365,7.369,7.359,7.361,3248.15
1664654640000,7.361,7.364,7.357,7.357,1054.67
1664654700000,7.358,7.36,7.346,7.346,1700.04
1664654760000,7.346,7.35,7.337,7.35,8303.24
1664654820000,7.35,7.355,7.313,7.332,23037.83
1664654880000,7.334,7.342,7.331,7.338,10915.08
1664654940000,7.336,7.339,7.317,7.321,8739.4
1664655000000,7.322,7.33,7.319,7.319,3445.86
1664655060000,7.32,7.323,7.314,7.316,1504.84
1664655120000,7.315,7.32,7.315,7.32,896.64
1664655180000,7.319,7.322,7.318,7.32,4444.07
1664655240000,7.319,7.328,7.319,7.326,535.9
1664655300000,7.324,7.339,7.322,7.338,3660.37
1664655360000,7.34,7.347,7.337,7.345,3253.04
1664655420000,7.345,7.345,7.338,7.34,1200.04
1664655480000,7.339,7.343,7.329,7.334,6060.12
1664655540000,7.334,7.344,7.332,7.343,2676.89
1664655600000,7.342,7.353,7.342,7.352,1461.04
1664655660000,7.352,7.356,7.35,7.356,1676.26
1664655720000,7.356,7.361,7.354,7.357,3699.94
1664655780000,7.357,7.357,7.351,7.354,729.63
1664655840000,7.353,7.356,7.343,7.343,5565.53
1664655900000,7.344,7.349,7.342,7.348,822.21
1664655960000,7.349,7.351,7.346,7.35,1555.69
1664656020000,7.347,7.349,7.346,7.346,83.83
1664656080000,7.348,7.35,7.347,7.347,2024.51
1664656140000,7.349,7.351,7.347,7.349,2363.41
1664656200000,7.348,7.348,7.338,7.343,1419.37
1664656260000,7.345,7.351,7.345,7.351,736.24
1664656320000,7.351,7.351,7.346,7.348,728.79
1664656380000,7.347,7.35,7.346,7.346,4102.04
1664656440000,7.348,7.352,7.346,7.35,3178.67
1664656500000,7.351,7.351,7.349,7.349,479.72
1664656560000,7.348,7.349,7.348,7.349,28.96
1664656620000,7.35,7.353,7.344,7.344,1034.0
1664656680000,7.345,7.351,7.345,7.347,789.55
1664656740000,7.347,7.352,7.347,7.349,849.24
1664656800000,7.351,7.354,7.35,7.353,1939.58
1664656860000,7.352,7.361,7.352,7.36,3045.17
1664656920000,7.36,7.377,7.359,7.377,7754.32
1664656980000,7.375,7.378,7.371,7.373,1730.32
1664657040000,7.374,7.377,7.366,7.366,1205.07
1664657100000,7.366,7.367,7.361,7.364,1479.99
1664657160000,7.364,7.365,7.363,7.364,1910.35
1664657220000,7.366,7.372,7.366,7.367,2557.08
1664657280000,7.366,7.37,7.365,7.369,262.53
1664657340000,7.369,7.369,7.367,7.367,107.72
1664657400000,7.368,7.371,7.368,7.371,308.67
1664657460000,7.373,7.376,7.371,7.372,777.76
1664657520000,7.371,7.373,7.368,7.371,681.03
1664657580000,7.37,7.373,7.369,7.37,1174.87
1664657640000,7.369,7.37,7.369,7.37,249.25
1664657700000,7.37,7.374,7.369,7.373,1153.05
1664657760000,7.373,7.373,7.37,7.37,252.97
1664657820000,7.371,7.375,7.371,7.372,1440.58
1664657880000,7.37,7.373,7.367,7.372,492.82
1664657940000,7.372,7.378,7.372,7.377,967.74
1664658000000,7.376,7.376,7.365,7.372,12135.57
1664658060000,7.371,7.375,7.371,7.371,134.24
1664658120000,7.374,7.379,7.373,7.373,529.26
1664658180000,7.373,7.375,7.373,7.373,529.4
1664658240000,7.374,7.381,7.374,7.38,7604.14
1664658300000,7.379,7.379,7.374,7.375,46.98
1664658360000,7.374,7.38,7.374,7.378,6561.01
1664658420000,7.379,7.38,7.375,7.375,1051.52
1664658480000,7.376,7.378,7.373,7.375,6746.62
1664658540000,7.376,7.377,7.375,7.377,1444.83
1664658600000,7.377,7.379,7.376,7.376,1393.55
1664658660000,7.376,7.379,7.376,7.379,135.35
1664658720000,7.378,7.381,7.378,7.381,1421.84
1664658780000,7.38,7.381,7.378,7.381,144.84
1664658840000,7.381,7.387,7.381,7.387,4979.63
1664658900000,7.387,7.387,7.386,7.387,1097.58
1664658960000,7.386,7.386,7.386,7.386,7.95
1664659020000,7.386,7.386,7.386,7.386,17.1
1664659080000,7.386,7.387,7.386,7.387,1070.63
1664659140000,7.387,7.388,7.386,7.386,253.98
1664659200000,7.386,7.386,7.38,7.382,2643.28
1664659260000,7.382,7.384,7.382,7.384,13.89
1664659320000,7.383,7.383,7.38,7.382,323.68
1664659380000,7.382,7.382,7.379,7.38,182.39
1664659440000,7.38,7.38,7.372,7.374,661.96
1664659500000,7.375,7.381,7.374,7.376,2527.31
1664659560000,7.378,7.381,7.374,7.379,1252.52
1664659620000,7.38,7.38,7.379,7.379,778.28
1664659680000,7.38,7.38,7.374,7.376,2594.32
1664659740000,7.375,7.376,7.374,7.375,314.5
1664659800000,7.375,7.375,7.366,7.368,1675.23
1664659860000,7.369,7.369,7.368,7.369,364.21
1664659920000,7.369,7.371,7.368,7.371,362.41
1664659980000,7.371,7.373,7.37,7.373,1132.25
1664660040000,7.372,7.375,7.372,7.374,85.44
1664660100000,7.373,7.373,7.371,7.371,50.42
1664660160000,7.372,7.372,7.371,7.372,19.36
1664660220000,7.371,7.371,7.369,7.369,738.54
1664660280000,7.37,7.37,7.366,7.369,477.97
1664660340000,7.37,7.37,7.367,7.368,260.31
1664660400000,7.369,7.373,7.369,7.372,555.03
1664660460000,7.373,7.377,7.373,7.377,748.38
1664660520000,7.378,7.38,7.378,7.38,309.9
1664660580000,7.379,7.379,7.373,7.375,1821.13
1664660640000,7.376,7.379,7.376,7.379,638.09
1664660700000,7.38,7.385,7.38,7.385,961.72
1664660760000,7.385,7.391,7.385,7.391,1260.85
1664660820000,7.391,7.392,7.389,7.39,1290.51
1664660880000,7.392,7.397,7.391,7.394,3267.26
1664660940000,7.395,7.395,7.39,7.391,1258.05
1664661000000,7.391,7.391,7.382,7.385,3088.6
1664661060000,7.384,7.395,7.384,7.394,475.96
1664661120000,7.394,7.395,7.392,7.393,923.65
1664661180000,7.393,7.396,7.393,7.395,535.47
1664661240000,7.396,7.396,7.394,7.395,146.19
1664661300000,7.396,7.4,7.395,7.4,2377.35
1664661360000,7.399,7.404,7.399,7.4,3104.49
1664661420000,7.401,7.403,7.398,7.398,1174.8
1664661480000,7.397,7.397,7.392,7.392,725.91
1664661540000,7.391,7.393,7.39,7.39,411.45
1664661600000,7.39,7.393,7.387,7.389,2643.44
1664661660000,7.388,7.396,7.385,7.395,2023.02
1664661720000,7.394,7.394,7.381,7.387,2373.94
1664661780000,7.387,7.391,7.384,7.39,911.16
1664661840000,7.389,7.396,7.385,7.396,385.42
1664661900000,7.398,7.399,7.39,7.399,1392.07
1664661960000,7.399,7.4,7.398,7.398,32.11
1664662020000,7.396,7.396,7.389,7.395,1803.19
1664662080000,7.396,7.396,7.391,7.392,1550.03
1664662140000,7.392,7.397,7.392,7.395,1268.8
1664662200000,7.396,7.397,7.396,7.396,647.36
1664662260000,7.396,7.396,7.38,7.384,1826.38
1664662320000,7.385,7.389,7.383,7.389,907.41
1664662380000,7.385,7.387,7.385,7.387,657.59
1664662440000,7.387,7.389,7.386,7.386,775.68
1664662500000,7.386,7.387,7.383,7.387,46.21
1664662560000,7.387,7.392,7.387,7.387,499.76
1664662620000,7.386,7.392,7.386,7.392,110.25
1664662680000,7.392,7.393,7.381,7.381,1161.06
1664662740000,7.38,7.38,7.377,7.378,1257.48
1664662800000,7.379,7.379,7.375,7.378,1228.42
1664662860000,7.378,7.381,7.375,7.381,2026.85
1664662920000,7.381,7.386,7.38,7.38,1821.7
1664662980000,7.38,7.381,7.379,7.379,758.7
1664663040000,7.378,7.38,7.376,7.376,300.66
1664663100000,7.376,7.38,7.376,7.38,277.78
1664663160000,7.38,7.386,7.38,7.386,1299.64
1664663220000,7.386,7.386,7.381,7.384,856.4
1664663280000,7.385,7.386,7.379,7.383,1087.25
1664663340000,7.384,7.385,7.384,7.384,234.92
1664663400000,7.384,7.384,7.372,7.372,1538.21
1664663460000,7.372,7.378,7.372,7.378,1300.96
1664663520000,7.378,7.385,7.378,7.379,2555.96
1664663580000,7.378,7.378,7.375,7.378,272.19
1664663640000,7.377,7.382,7.377,7.382,798.71
1664663700000,7.384,7.385,7.381,7.384,1394.94
1664663760000,7.385,7.387,7.384,7.385,367.76
1664663820000,7.385,7.385,7.385,7.385,1752.01
1664663880000,7.387,7.39,7.387,7.389,398.6
1664663940000,7.389,7.39,7.389,7.39,87.43
1664664000000,7.389,7.39,7.386,7.386,628.07
1664664060000,7.385,7.39,7.385,7.39,254.4
1664664120000,7.39,7.393,7.39,7.393,649.6
1664664180000,7.393,7.394,7.388,7.388,827.15
1664664240000,7.387,7.39,7.386,7.39,453.19
1664664300000,7.386,7.387,7.383,7.387,1813.72
1664664360000,7.388,7.396,7.387,7.394,1259.89
1664664420000,7.393,7.394,7.388,7.389,1372.72
1664664480000,7.391,7.394,7.391,7.391,1446.34
1664664540000,7.391,7.393,7.386,7.387,645.07
1664664600000,7.388,7.394,7.384,7.384,6242.51
1664664660000,7.383,7.388,7.383,7.386,705.35
1664664720000,7.385,7.387,7.381,7.383,4546.15
1664664780000,7.383,7.387,7.382,7.386,569.49
1664664840000,7.387,7.387,7.386,7.387,297.3
1664664900000,7.386,7.386,7.383,7.383,961.26
1664664960000,7.382,7.383,7.378,7.383,2314.26
1664665020000,7.383,7.383,7.381,7.381,189.14
1664665080000,7.381,7.387,7.381,7.387,472.15
1664665140000,7.387,7.39,7.385,7.388,1877.18
1664665200000,7.388,7.388,7.385,7.387,553.37
1664665260000,7.386,7.386,7.385,7.386,440.66
1664665320000,7.387,7.397,7.387,7.394,1464.87
1664665380000,7.395,7.396,7.393,7.395,483.9
1664665440000,7.396,7.397,7.394,7.395,294.05
1664665500000,7.394,7.394,7.392,7.393,189.18
1664665560000,7.393,7.394,7.393,7.393,704.14
1664665620000,7.394,7.396,7.393,7.395,881.95
1664665680000,7.396,7.398,7.396,7.397,1120.15
1664665740000,7.394,7.394,7.39,7.393,834.6
1664665800000,7.394,7.394,7.392,7.392,151.17
1664665860000,7.393,7.397,7.39,7.391,952.65
1664665920000,7.39,7.39,7.387,7.39,562.0
1664665980000,7.389,7.389,7.386,7.389,116.95
1664666040000,7.385,7.385,7.382,7.382,642.19
1664666100000,7.384,7.386,7.382,7.384,753.98
1664666160000,7.386,7.388,7.386,7.388,40.59
1664666220000,7.388,7.388,7.387,7.387,36.85
1664666280000,7.387,7.387,7.381,7.384,727.74
1664666340000,7.382,7.383,7.379,7.38,2557.48
1664666400000,7.38,7.381,7.377,7.377,309.65
1664666460000,7.379,7.38,7.375,7.376,580.07
1664666520000,7.376,7.38,7.376,7.379,1627.18
1664666580000,7.379,7.38,7.378,7.378,272.47
1664666640000,7.378,7.378,7.378,7.378,43.01
1664666700000,7.378,7.379,7.374,7.379,1882.82
1664666760000,7.38,7.387,7.38,7.385,417.42
1664666820000,7.384,7.386,7.382,7.382,489.8
1664666880000,7.383,7.387,7.383,7.387,1019.0
1664666940000,7.387,7.39,7.386,7.388,344.52
1664667000000,7.39,7.39,7.386,7.389,366.99
1664667060000,7.388,7.388,7.386,7.386,652.03
1664667120000,7.387,7.39,7.387,7.389,1460.3
1664667180000,7.389,7.391,7.389,7.391,502.06
1664667240000,7.392,7.397,7.392,7.393,1310.29
1664667300000,7.395,7.396,7.394,7.396,399.07
1664667360000,7.395,7.397,7.392,7.395,1382.62
1664667420000,7.395,7.397,7.394,7.397,1240.62
1664667480000,7.396,7.396,7.394,7.394,603.73
1664667540000,7.393,7.396,7.393,7.394,541.75
1664667600000,7.395,7.395,7.395,7.395,3.38
1664667660000,7.396,7.402,7.396,7.399,5545.73
1664667720000,7.4,7.4,7.398,7.398,1493.5
1664667780000,7.4,7.401,7.399,7.4,493.68
1664667840000,7.399,7.399,7.398,7.398,371.45
1664667900000,7.395,7.395,7.386,7.39,2150.23
1664667960000,7.389,7.393,7.389,7.393,525.86
1664668020000,7.393,7.393,7.393,7.393,13.37
1664668080000,7.394,7.394,7.393,7.393,808.12
1664668140000,7.391,7.391,7.386,7.389,1462.37
1664668200000,7.388,7.388,7.385,7.385,720.52
1664668260000,7.384,7.385,7.38,7.382,1121.0
1664668320000,7.383,7.383,7.382,7.383,595.56
1664668380000,7.383,7.383,7.38,7.38,221.72
1664668440000,7.38,7.386,7.38,7.382,1100.61
1664668500000,7.383,7.385,7.383,7.385,369.1
1664668560000,7.385,7.386,7.385,7.386,114.24
1664668620000,7.386,7.387,7.386,7.387,38.64
1664668680000,7.386,7.391,7.384,7.39,459.13
1664668740000,7.39,7.395,7.39,7.394,469.94
1664668800000,7.393,7.394,7.387,7.39,2235.47
1664668860000,7.389,7.389,7.386,7.389,527.0
1664668920000,7.388,7.395,7.387,7.395,705.14
1664668980000,7.395,7.395,7.386,7.388,1473.5
1664669040000,7.388,7.388,7.388,7.388,220.32
1664669100000,7.388,7.389,7.386,7.389,693.37
1664669160000,7.391,7.391,7.389,7.389,787.29
1664669220000,7.39,7.394,7.39,7.39,1152.14
1664669280000,7.391,7.393,7.39,7.392,860.6
1664669340000,7.392,7.394,7.392,7.392,560.44
1664669400000,7.394,7.394,7.385,7.385,629.19
1664669460000,7.385,7.388,7.385,7.388,73.31
1664669520000,7.388,7.396,7.388,7.396,3249.59
1664669580000,7.397,7.402,7.397,7.401,842.83
1664669640000,7.401,7.402,7.401,7.402,111.38
1664669700000,7.403,7.418,7.403,7.41,4817.21
1664669760000,7.41,7.415,7.406,7.407,1434.07
1664669820000,7.407,7.41,7.405,7.407,1317.11
1664669880000,7.407,7.409,7.405,7.407,1900.43
1664669940000,7.407,7.411,7.407,7.408,316.14
1664670000000,7.408,7.413,7.405,7.411,1103.0
1664670060000,7.411,7.417,7.409,7.417,1047.14
1664670120000,7.419,7.433,7.417,7.431,5601.09
1664670180000,7.429,7.429,7.422,7.424,1103.08
1664670240000,7.424,7.428,7.424,7.427,1581.11
1664670300000,7.427,7.427,7.422,7.424,547.05
1664670360000,7.423,7.424,7.422,7.422,296.93
1664670420000,7.423,7.424,7.418,7.418,3228.46
1664670480000,7.417,7.418,7.397,7.398,6921.77
1664670540000,7.402,7.404,7.401,7.404,624.92
1664670600000,7.403,7.403,7.4,7.401,656.66
1664670660000,7.402,7.416,7.402,7.416,5097.86
1664670720000,7.416,7.416,7.406,7.408,3254.44
1664670780000,7.41,7.412,7.406,7.412,1604.87
1664670840000,7.41,7.41,7.407,7.407,1178.93
1664670900000,7.407,7.413,7.406,7.413,4163.75
1664670960000,7.412,7.42,7.412,7.416,1358.55
1664671020000,7.417,7.417,7.411,7.412,868.87
1664671080000,7.412,7.415,7.412,7.412,470.24
1664671140000,7.414,7.415,7.411,7.412,374.11
1664671200000,7.413,7.415,7.413,7.414,329.27
1664671260000,7.414,7.427,7.413,7.423,8947.31
1664671320000,7.423,7.425,7.415,7.416,1854.76
1664671380000,7.416,7.418,7.413,7.413,582.43
1664671440000,7.413,7.417,7.413,7.417,857.72
1664671500000,7.417,7.418,7.4,7.4,4603.17
1664671560000,7.403,7.403,7.389,7.39,1673.21
1664671620000,7.39,7.396,7.385,7.395,3671.1
1664671680000,7.393,7.396,7.392,7.396,3524.79
1664671740000,7.396,7.404,7.396,7.402,1136.69
1664671800000,7.401,7.403,7.399,7.402,576.27
1664671860000,7.402,7.407,7.402,7.407,843.06
1664671920000,7.407,7.416,7.406,7.415,455.92
1664671980000,7.414,7.414,7.413,7.413,283.0
1664672040000,7.413,7.415,7.41,7.411,1039.98
1664672100000,7.414,7.414,7.411,7.413,625.72
1664672160000,7.413,7.415,7.413,7.413,584.0
1664672220000,7.415,7.422,7.415,7.417,1211.04
1664672280000,7.416,7.418,7.414,7.417,396.41
1664672340000,7.415,7.415,7.411,7.411,389.35
1664672400000,7.411,7.413,7.401,7.401,3457.99
1664672460000,7.402,7.408,7.402,7.408,312.03
1664672520000,7.41,7.413,7.408,7.408,913.78
1664672580000,7.409,7.412,7.408,7.412,87.73
1664672640000,7.412,7.413,7.41,7.41,566.42
1664672700000,7.411,7.412,7.409,7.412,400.17
1664672760000,7.41,7.41,7.406,7.406,733.54
1664672820000,7.407,7.408,7.4,7.4,6075.77
1664672880000,7.4,7.408,7.4,7.407,12645.56
1664672940000,7.406,7.406,7.376,7.376,104280.39
1664673000000,7.376,7.389,7.37,7.386,5787.3
1664673060000,7.384,7.384,7.373,7.374,2892.48
1664673120000,7.375,7.379,7.374,7.376,859.26
1664673180000,7.379,7.38,7.379,7.38,495.38
1664673240000,7.38,7.38,7.377,7.377,1042.34
1664673300000,7.377,7.386,7.375,7.383,9143.86
1664673360000,7.383,7.389,7.383,7.387,4362.59
1664673420000,7.39,7.394,7.389,7.394,1073.94
1664673480000,7.394,7.394,7.391,7.391,452.47
1664673540000,7.391,7.391,7.382,7.382,2390.89
1664673600000,7.382,7.388,7.382,7.388,1757.88
1664673660000,7.388,7.392,7.388,7.392,695.52
1664673720000,7.392,7.394,7.391,7.391,429.45
1664673780000,7.391,7.398,7.39,7.397,2797.52
1664673840000,7.397,7.398,7.395,7.397,1296.53
1664673900000,7.398,7.399,7.392,7.394,611.48
1664673960000,7.394,7.398,7.394,7.398,1157.51
1664674020000,7.398,7.399,7.397,7.399,1113.93
1664674080000,7.394,7.397,7.394,7.395,763.13
1664674140000,7.396,7.405,7.396,7.405,1816.32
1664674200000,7.405,7.405,7.399,7.4,327.56
1664674260000,7.399,7.408,7.396,7.403,15555.07
1664674320000,7.403,7.403,7.397,7.402,1003.71
1664674380000,7.401,7.401,7.396,7.396,991.85
1664674440000,7.396,7.396,7.391,7.391,747.32
1664674500000,7.39,7.402,7.39,7.399,1932.52
1664674560000,7.398,7.401,7.398,7.401,557.5
1664674620000,7.4,7.402,7.399,7.402,1379.78
1664674680000,7.402,7.402,7.399,7.401,877.59
1664674740000,7.403,7.413,7.403,7.413,7557.51
1664674800000,7.413,7.416,7.408,7.416,2081.79
1664674860000,7.416,7.424,7.416,7.42,4531.16
1664674920000,7.42,7.421,7.417,7.42,953.86
1664674980000,7.421,7.433,7.42,7.43,7349.81
1664675040000,7.43,7.434,7.428,7.431,1645.65
1664675100000,7.429,7.442,7.429,7.436,7909.43
1664675160000,7.436,7.439,7.426,7.427,1543.27
1664675220000,7.429,7.441,7.426,7.438,2887.22
1664675280000,7.439,7.454,7.439,7.452,8953.48
1664675340000,7.452,7.466,7.451,7.465,10193.41
1664675400000,7.466,7.479,7.456,7.477,21102.89
1664675460000,7.477,7.486,7.477,7.481,17837.66
1664675520000,7.478,7.489,7.476,7.489,7042.49
1664675580000,7.487,7.488,7.481,7.484,6267.01
1664675640000,7.484,7.485,7.483,7.484,1717.93
1664675700000,7.484,7.484,7.477,7.482,2367.47
1664675760000,7.479,7.481,7.469,7.476,17661.64
1664675820000,7.476,7.481,7.473,7.477,7843.67
1664675880000,7.475,7.478,7.474,7.478,2728.33
1664675940000,7.479,7.484,7.475,7.481,3174.99
1664676000000,7.48,7.484,7.471,7.473,4685.92
1664676060000,7.474,7.474,7.47,7.47,817.9
1664676120000,7.47,7.47,7.454,7.455,3715.94
1664676180000,7.455,7.466,7.455,7.466,2205.37
1664676240000,7.466,7.47,7.462,7.462,901.04
1664676300000,7.464,7.464,7.461,7.461,326.86
1664676360000,7.46,7.473,7.46,7.463,21144.37
1664676420000,7.463,7.463,7.459,7.459,751.46
1664676480000,7.458,7.458,7.452,7.452,294.31
1664676540000,7.453,7.457,7.453,7.457,384.41
1664676600000,7.452,7.452,7.447,7.448,895.8
1664676660000,7.448,7.448,7.444,7.448,1905.64
1664676720000,7.447,7.451,7.447,7.451,656.34
1664676780000,7.451,7.451,7.436,7.438,1702.54
1664676840000,7.44,7.445,7.439,7.439,742.59
1664676900000,7.44,7.45,7.44,7.448,388.49
1664676960000,7.449,7.456,7.449,7.456,920.77
1664677020000,7.454,7.454,7.445,7.447,455.84
1664677080000,7.447,7.448,7.443,7.443,396.22
1664677140000,7.443,7.443,7.441,7.441,187.61
1664677200000,7.443,7.451,7.443,7.451,543.45
1664677260000,7.451,7.451,7.451,7.451,61.07
1664677320000,7.451,7.455,7.447,7.455,2752.53
1664677380000,7.456,7.456,7.452,7.454,292.53
1664677440000,7.454,7.454,7.446,7.446,680.82
1664677500000,7.446,7.452,7.445,7.451,1108.86
1664677560000,7.453,7.455,7.453,7.453,735.93
1664677620000,7.455,7.455,7.45,7.452,545.73
1664677680000,7.452,7.455,7.451,7.455,439.66
1664677740000,7.455,7.457,7.452,7.453,1370.16
1664677800000,7.453,7.453,7.451,7.451,247.92
1664677860000,7.45,7.451,7.449,7.451,640.85
1664677920000,7.451,7.454,7.445,7.448,3756.44
1664677980000,7.45,7.459,7.449,7.459,1566.17
1664678040000,7.458,7.464,7.455,7.464,636.58
1664678100000,7.464,7.464,7.459,7.459,1114.69
1664678160000,7.456,7.457,7.455,7.456,245.85
1664678220000,7.454,7.457,7.454,7.457,1145.36
1664678280000,7.456,7.459,7.456,7.457,285.02
1664678340000,7.458,7.466,7.457,7.466,1588.82
1664678400000,7.466,7.466,7.459,7.459,2139.15
1664678460000,7.458,7.465,7.457,7.464,1651.52
1664678520000,7.465,7.465,7.464,7.465,310.06
1664678580000,7.464,7.472,7.464,7.47,2581.69
1664678640000,7.471,7.473,7.466,7.466,1717.05
1664678700000,7.467,7.473,7.467,7.472,1609.1
1664678760000,7.472,7.474,7.47,7.472,1905.64
1664678820000,7.471,7.471,7.464,7.464,382.8
1664678880000,7.465,7.47,7.465,7.47,612.69
1664678940000,7.465,7.466,7.464,7.466,1767.65
1664679000000,7.465,7.466,7.464,7.466,362.83
1664679060000,7.466,7.466,7.46,7.461,1211.25
1664679120000,7.462,7.462,7.453,7.453,847.79
1664679180000,7.454,7.458,7.454,7.456,1075.66
1664679240000,7.456,7.463,7.456,7.457,1942.89
1664679300000,7.454,7.454,7.447,7.449,3202.82
1664679360000,7.448,7.448,7.447,7.447,132.4
1664679420000,7.448,7.452,7.448,7.45,903.07
1664679480000,7.451,7.454,7.451,7.452,1310.44
1664679540000,7.45,7.451,7.449,7.449,76.05
1664679600000,7.449,7.457,7.449,7.456,1120.89
1664679660000,7.457,7.457,7.456,7.456,106.75
1664679720000,7.455,7.455,7.448,7.45,1076.9
1664679780000,7.448,7.448,7.445,7.445,306.48
1664679840000,7.445,7.447,7.444,7.447,374.65
1664679900000,7.449,7.456,7.449,7.456,1155.6
1664679960000,7.456,7.456,7.452,7.452,661.1
1664680020000,7.453,7.456,7.452,7.454,1327.68
1664680080000,7.455,7.46,7.455,7.457,3387.99
1664680140000,7.457,7.457,7.455,7.455,285.46
1664680200000,7.455,7.457,7.455,7.456,426.53
1664680260000,7.457,7.463,7.457,7.463,1241.94
1664680320000,7.464,7.464,7.461,7.463,1064.01
1664680380000,7.464,7.467,7.463,7.463,635.55
1664680440000,7.463,7.463,7.457,7.461,2346.91
1664680500000,7.46,7.46,7.457,7.46,629.91
1664680560000,7.46,7.464,7.46,7.46,377.17
1664680620000,7.46,7.46,7.456,7.457,256.48
1664680680000,7.459,7.459,7.458,7.458,290.08
1664680740000,7.457,7.467,7.457,7.464,2112.06
1664680800000,7.464,7.465,7.463,7.464,412.4
1664680860000,7.465,7.465,7.458,7.459,1325.74
1664680920000,7.458,7.458,7.45,7.453,1354.02
1664680980000,7.453,7.454,7.451,7.451,609.56
1664681040000,7.452,7.452,7.446,7.446,699.11
1664681100000,7.445,7.45,7.443,7.447,741.54
1664681160000,7.448,7.448,7.447,7.448,92.18
1664681220000,7.447,7.447,7.447,7.447,141.95
1664681280000,7.447,7.452,7.447,7.449,1758.49
1664681340000,7.446,7.448,7.444,7.447,1146.59
1664681400000,7.448,7.454,7.448,7.45,2066.33
1664681460000,7.454,7.455,7.454,7.455,183.94
1664681520000,7.454,7.455,7.454,7.455,682.93
1664681580000,7.455,7.455,7.451,7.452,1231.5
1664681640000,7.45,7.455,7.448,7.449,5644.66
1664681700000,7.45,7.452,7.45,7.452,706.6
1664681760000,7.452,7.459,7.452,7.459,1938.82
1664681820000,7.458,7.462,7.458,7.462,178.91
1664681880000,7.461,7.462,7.46,7.462,1509.21
1664681940000,7.461,7.463,7.461,7.463,199.4
1664682000000,7.463,7.467,7.463,7.465,672.18
1664682060000,7.464,7.472,7.464,7.471,504.93
1664682120000,7.472,7.472,7.467,7.47,1568.6
1664682180000,7.465,7.467,7.462,7.467,1614.93
1664682240000,7.466,7.472,7.466,7.47,629.3
1664682300000,7.468,7.47,7.468,7.47,126.48
1664682360000,7.47,7.471,7.467,7.467,848.87
1664682420000,7.468,7.47,7.465,7.47,554.91
1664682480000,7.468,7.468,7.468,7.468,87.58
1664682540000,7.469,7.47,7.469,7.469,192.52
1664682600000,7.47,7.47,7.465,7.466,370.52
1664682660000,7.466,7.473,7.466,7.473,1973.4
1664682720000,7.473,7.473,7.47,7.473,697.25
1664682780000,7.473,7.473,7.469,7.469,229.65
1664682840000,7.469,7.469,7.468,7.468,61.04
1664682900000,7.469,7.471,7.467,7.47,878.64
1664682960000,7.47,7.47,7.469,7.47,336.88
1664683020000,7.469,7.469,7.466,7.469,335.37
1664683080000,7.469,7.472,7.469,7.472,45.31
1664683140000,7.472,7.473,7.471,7.471,172.7
1664683200000,7.472,7.472,7.469,7.47,452.3
1664683260000,7.47,7.483,7.469,7.481,3207.61
1664683320000,7.482,7.49,7.475,7.477,4336.27
1664683380000,7.476,7.486,7.476,7.486,1452.83
1664683440000,7.486,7.488,7.485,7.487,962.79
1664683500000,7.488,7.492,7.488,7.492,1073.63
1664683560000,7.492,7.496,7.484,7.484,6084.63
1664683620000,7.483,7.484,7.482,7.484,127.65
1664683680000,7.482,7.482,7.477,7.477,806.59
1664683740000,7.478,7.48,7.477,7.479,74.34
1664683800000,7.48,7.482,7.479,7.482,216.46
1664683860000,7.483,7.483,7.482,7.483,332.33
1664683920000,7.482,7.483,7.481,7.483,628.57
1664683980000,7.482,7.482,7.477,7.478,251.9
1664684040000,7.478,7.48,7.478,7.479,444.99
1664684100000,7.478,7.478,7.471,7.472,867.8
1664684160000,7.472,7.474,7.472,7.474,540.28
1664684220000,7.475,7.48,7.475,7.48,628.43
1664684280000,7.479,7.479,7.474,7.476,1284.42
1664684340000,7.476,7.476,7.473,7.474,445.41
1664684400000,7.474,7.48,7.474,7.48,541.35
1664684460000,7.48,7.482,7.48,7.482,145.29
1664684520000,7.483,7.484,7.48,7.482,782.58
1664684580000,7.481,7.484,7.481,7.484,153.3
1664684640000,7.485,7.49,7.485,7.489,1034.15
1664684700000,7.489,7.494,7.489,7.492,1066.46
1664684760000,7.492,7.494,7.487,7.489,2786.48
1664684820000,7.489,7.491,7.488,7.489,238.36
1664684880000,7.487,7.487,7.484,7.485,532.54
1664684940000,7.485,7.491,7.485,7.491,189.32
1664685000000,7.491,7.491,7.486,7.49,485.88
1664685060000,7.49,7.49,7.487,7.488,376.69
1664685120000,7.488,7.488,7.485,7.488,696.33
1664685180000,7.487,7.488,7.487,7.488,141.67
1664685240000,7.487,7.487,7.484,7.484,763.74
1664685300000,7.484,7.487,7.48,7.485,1373.44
1664685360000,7.484,7.484,7.479,7.479,1004.56
1664685420000,7.479,7.481,7.478,7.48,370.16
1664685480000,7.48,7.483,7.48,7.482,1122.66
1664685540000,7.483,7.487,7.483,7.484,241.71
1664685600000,7.487,7.488,7.486,7.488,227.0
1664685660000,7.489,7.494,7.489,7.492,1006.26
1664685720000,7.495,7.498,7.495,7.498,104.28
1664685780000,7.498,7.498,7.493,7.495,974.04
1664685840000,7.493,7.495,7.489,7.495,528.87
1664685900000,7.495,7.497,7.49,7.496,1592.59
1664685960000,7.495,7.495,7.492,7.492,286.58
1664686020000,7.493,7.493,7.483,7.483,2238.2
1664686080000,7.485,7.493,7.485,7.49,998.81
1664686140000,7.491,7.494,7.489,7.494,467.05
1664686200000,7.495,7.495,7.492,7.495,352.1
1664686260000,7.496,7.507,7.496,7.504,2355.7
1664686320000,7.506,7.507,7.503,7.503,765.32
1664686380000,7.506,7.509,7.505,7.505,349.97
1664686440000,7.506,7.506,7.506,7.506,444.63
1664686500000,7.507,7.509,7.507,7.508,223.26
1664686560000,7.508,7.509,7.505,7.507,766.86
1664686620000,7.507,7.508,7.507,7.508,84.45
1664686680000,7.509,7.51,7.505,7.508,586.07
1664686740000,7.509,7.51,7.505,7.508,889.11
1664686800000,7.508,7.508,7.501,7.503,4368.96
1664686860000,7.504,7.505,7.503,7.504,329.22
1664686920000,7.503,7.504,7.503,7.503,384.97
1664686980000,7.503,7.504,7.502,7.502,197.6
1664687040000,7.502,7.507,7.502,7.507,282.29
1664687100000,7.507,7.508,7.502,7.503,258.71
1664687160000,7.503,7.505,7.503,7.505,308.53
1664687220000,7.503,7.504,7.501,7.503,1767.08
1664687280000,7.503,7.504,7.5,7.501,2164.14
1664687340000,7.5,7.502,7.499,7.499,1011.26
1664687400000,7.499,7.499,7.492,7.494,3434.88
1664687460000,7.493,7.494,7.493,7.494,884.61
1664687520000,7.493,7.499,7.493,7.499,503.02
1664687580000,7.5,7.501,7.497,7.501,993.75
1664687640000,7.501,7.509,7.5,7.505,2872.62
1664687700000,7.503,7.503,7.493,7.496,3166.53
1664687760000,7.496,7.505,7.496,7.504,844.43
1664687820000,7.501,7.503,7.501,7.502,505.31
