1664582400000,0.4799,0.48,0.479,0.4791,116365.0
1664582460000,0.4791,0.4802,0.479,0.4802,673792.0
1664582520000,0.4803,0.4817,0.4794,0.4794,497897.0
1664582580000,0.4794,0.4795,0.478,0.4788,746843.0
1664582640000,0.4789,0.4789,0.4775,0.4776,360253.0
1664582700000,0.4775,0.4785,0.4775,0.4785,122131.0
1664582760000,0.4784,0.4795,0.4783,0.4793,58257.0
1664582820000,0.4793,0.4799,0.4791,0.4795,90441.0
1664582880000,0.4795,0.48,0.4793,0.4799,81557.0
1664582940000,0.48,0.4801,0.4796,0.4798,84269.0
1664583000000,0.4798,0.4798,0.4792,0.4798,36059.0
1664583060000,0.4798,0.4805,0.4797,0.4804,154955.0
1664583120000,0.4805,0.4807,0.4801,0.4802,200484.0
1664583180000,0.4801,0.4801,0.4797,0.48,65547.0
1664583240000,0.48,0.4802,0.4796,0.4802,224585.0
1664583300000,0.4802,0.4802,0.4795,0.4797,121452.0
1664583360000,0.4798,0.4804,0.4796,0.4797,275030.0
1664583420000,0.4797,0.48,0.4796,0.48,155349.0
1664583480000,0.48,0.4802,0.4798,0.4799,110599.0
1664583540000,0.4798,0.4801,0.4794,0.4794,100345.0
1664583600000,0.4794,0.4796,0.4787,0.4788,100646.0
1664583660000,0.4787,0.4787,0.478,0.478,158876.0
1664583720000,0.4781,0.4781,0.4774,0.4778,221609.0
1664583780000,0.4777,0.4782,0.4774,0.4776,272424.0
1664583840000,0.4776,0.4779,0.4771,0.4775,187637.0
1664583900000,0.4775,0.4775,0.4767,0.477,147874.0
1664583960000,0.477,0.4778,0.477,0.4773,182680.0
1664584020000,0.4774,0.4776,0.4768,0.4769,173603.0
1664584080000,0.4769,0.4774,0.4767,0.4768,138603.0
1664584140000,0.477,0.4774,0.4769,0.477,83644.0
1664584200000,0.4769,0.4774,0.4767,0.4768,141571.0
1664584260000,0.4768,0.4768,0.4755,0.4756,809114.0
1664584320000,0.4756,0.4762,0.4743,0.4761,1066546.0
1664584380000,0.4762,0.4769,0.4758,0.4763,248724.0
1664584440000,0.4763,0.4768,0.4761,0.4765,93251.0
1664584500000,0.4765,0.4778,0.4765,0.4777,285925.0
1664584560000,0.4777,0.4777,0.4765,0.4771,204067.0
1664584620000,0.477,0.477,0.4767,0.4769,152270.0
1664584680000,0.4769,0.4775,0.4766,0.4768,299351.0
1664584740000,0.4766,0.4769,0.4761,0.4762,79068.0
1664584800000,0.4761,0.4769,0.4761,0.4764,145625.0
1664584860000,0.4764,0.4764,0.4758,0.4761,120622.0
1664584920000,0.4761,0.4762,0.4753,0.4754,142469.0
1664584980000,0.4755,0.4758,0.4748,0.4751,287727.0
1664585040000,0.4751,0.4757,0.4751,0.4756,107509.0
1664585100000,0.4756,0.477,0.4756,0.4769,288183.0
1664585160000,0.4769,0.4769,0.4759,0.4764,170758.0
1664585220000,0.4763,0.4768,0.4762,0.4764,264309.0
1664585280000,0.4765,0.4765,0.4762,0.4764,56935.0
1664585340000,0.4764,0.4767,0.4762,0.4763,94389.0
1664585400000,0.4764,0.4764,0.476,0.4761,236107.0
1664585460000,0.476,0.4764,0.4757,0.4761,42197.0
1664585520000,0.4761,0.4762,0.4754,0.4761,160716.0
1664585580000,0.4761,0.4761,0.475,0.4751,249477.0
1664585640000,0.4751,0.4752,0.4735,0.4739,589935.0
1664585700000,0.4739,0.4751,0.4736,0.4746,427540.0
1664585760000,0.4746,0.4748,0.4742,0.4742,133432.0
1664585820000,0.4741,0.4743,0.4726,0.4733,1164308.0
1664585880000,0.4733,0.474,0.4733,0.4736,346398.0
1664585940000,0.4737,0.474,0.4736,0.474,67080.0
1664586000000,0.4739,0.474,0.4736,0.474,89393.0
1664586060000,0.474,0.4742,0.4738,0.4739,192681.0
1664586120000,0.4738,0.4745,0.4738,0.4745,532000.0
1664586180000,0.4744,0.4747,0.4742,0.4743,527754.0
1664586240000,0.4742,0.4749,0.4742,0.4746,424923.0
1664586300000,0.4745,0.4745,0.4736,0.4738,223499.0
1664586360000,0.4737,0.4747,0.4737,0.4747,192872.0
1664586420000,0.4746,0.4746,0.474,0.4741,99846.0
1664586480000,0.474,0.4744,0.4739,0.4739,55142.0
1664586540000,0.4739,0.4744,0.4739,0.4741,67293.0
1664586600000,0.4741,0.4741,0.4733,0.4734,136620.0
1664586660000,0.4734,0.4738,0.4734,0.4735,269858.0
1664586720000,0.4735,0.4736,0.4731,0.4733,179901.0
1664586780000,0.4733,0.4735,0.4724,0.4727,293270.0
1664586840000,0.4728,0.4731,0.4723,0.473,274260.0
1664586900000,0.4731,0.4739,0.4729,0.4736,287684.0
1664586960000,0.4735,0.4744,0.4734,0.4741,124621.0
1664587020000,0.4741,0.4751,0.474,0.4749,142430.0
1664587080000,0.4749,0.4752,0.4748,0.4749,339142.0
1664587140000,0.4749,0.4754,0.4748,0.475,264716.0
1664587200000,0.4749,0.475,0.4744,0.4748,63440.0
1664587260000,0.4747,0.4748,0.4741,0.4747,185332.0
1664587320000,0.4745,0.4749,0.4744,0.4749,122798.0
1664587380000,0.4749,0.4753,0.4748,0.475,146585.0
1664587440000,0.475,0.4753,0.4748,0.4748,159808.0
1664587500000,0.4748,0.4749,0.4745,0.4748,162248.0
1664587560000,0.4747,0.4747,0.4745,0.4745,21775.0
1664587620000,0.4745,0.4749,0.4744,0.4747,290032.0
1664587680000,0.4746,0.4748,0.4743,0.4744,122348.0
1664587740000,0.4744,0.4744,0.4735,0.4737,155034.0
1664587800000,0.4737,0.4742,0.4736,0.4739,220227.0
1664587860000,0.4739,0.4743,0.4739,0.4742,135115.0
1664587920000,0.4743,0.4744,0.4737,0.4737,147182.0
1664587980000,0.4737,0.4738,0.473,0.473,196736.0
1664588040000,0.4731,0.4738,0.473,0.4737,254391.0
1664588100000,0.4737,0.4738,0.473,0.4732,262406.0
1664588160000,0.4732,0.4733,0.4731,0.4733,59097.0
1664588220000,0.4733,0.4736,0.4727,0.4729,234275.0
1664588280000,0.4728,0.4728,0.4716,0.472,952969.0
1664588340000,0.472,0.472,0.4707,0.4716,988647.0
1664588400000,0.4715,0.4715,0.4709,0.4712,515323.0
1664588460000,0.4712,0.4717,0.4712,0.4716,468468.0
1664588520000,0.4716,0.472,0.4714,0.4716,300144.0
1664588580000,0.4717,0.4724,0.4717,0.4723,188292.0
1664588640000,0.4723,0.4727,0.4717,0.4718,168898.0
1664588700000,0.4718,0.4721,0.4716,0.4718,160034.0
1664588760000,0.4719,0.4722,0.4715,0.4716,152493.0
1664588820000,0.4716,0.4718,0.4715,0.4718,54641.0
1664588880000,0.4718,0.4718,0.4715,0.4716,47207.0
1664588940000,0.4716,0.472,0.4715,0.4719,126790.0
1664589000000,0.472,0.472,0.4717,0.4718,96139.0
1664589060000,0.4719,0.4722,0.4719,0.472,154276.0
1664589120000,0.472,0.4727,0.472,0.4726,301457.0
1664589180000,0.4726,0.4729,0.4722,0.4722,382304.0
1664589240000,0.4721,0.4727,0.472,0.4724,172138.0
1664589300000,0.4723,0.4723,0.4716,0.4719,136029.0
1664589360000,0.4718,0.472,0.4714,0.4715,106142.0
1664589420000,0.4716,0.4723,0.4716,0.4721,352128.0
1664589480000,0.472,0.4723,0.472,0.472,93064.0
1664589540000,0.472,0.4721,0.4716,0.4717,270757.0
1664589600000,0.4716,0.4718,0.4707,0.4707,289537.0
1664589660000,0.4708,0.471,0.4691,0.4699,2236807.0
1664589720000,0.47,0.471,0.47,0.4709,292310.0
1664589780000,0.4709,0.4709,0.4702,0.4706,230290.0
1664589840000,0.4705,0.471,0.4705,0.4708,176477.0
1664589900000,0.4708,0.4709,0.4704,0.4706,120849.0
1664589960000,0.4706,0.4707,0.4702,0.4702,122592.0
1664590020000,0.4702,0.4703,0.4678,0.4684,1745777.0
1664590080000,0.4684,0.469,0.4667,0.4681,1136477.0
1664590140000,0.4682,0.4686,0.4676,0.468,345922.0
1664590200000,0.468,0.4694,0.4679,0.4694,394066.0
1664590260000,0.4693,0.471,0.4691,0.4709,390874.0
1664590320000,0.4709,0.4729,0.4703,0.4728,1945283.0
1664590380000,0.4727,0.4728,0.4716,0.4724,391753.0
1664590440000,0.4723,0.4725,0.4719,0.4722,144602.0
1664590500000,0.4722,0.4724,0.472,0.4723,122189.0
1664590560000,0.4723,0.4724,0.4718,0.4718,130832.0
1664590620000,0.4718,0.4723,0.4715,0.4721,485089.0
1664590680000,0.4722,0.4723,0.472,0.4721,80512.0
1664590740000,0.4722,0.4724,0.4719,0.472,187387.0
1664590800000,0.4721,0.4721,0.4715,0.4715,143952.0
1664590860000,0.4716,0.4721,0.4714,0.4719,184422.0
1664590920000,0.4719,0.4725,0.4719,0.4722,554921.0
1664590980000,0.4722,0.4729,0.4722,0.4726,215175.0
1664591040000,0.4727,0.4735,0.4727,0.4735,258593.0
1664591100000,0.4734,0.4734,0.4725,0.4729,154080.0
1664591160000,0.4729,0.4733,0.4726,0.473,266737.0
1664591220000,0.473,0.4744,0.473,0.4742,323940.0
1664591280000,0.4743,0.4743,0.4736,0.4738,142990.0
1664591340000,0.4738,0.4742,0.4737,0.4739,118642.0
1664591400000,0.4739,0.474,0.473,0.4731,128177.0
1664591460000,0.4731,0.4736,0.4728,0.4735,84350.0
1664591520000,0.4735,0.4737,0.4733,0.4734,85918.0
1664591580000,0.4734,0.4741,0.4734,0.4741,71258.0
1664591640000,0.474,0.4744,0.4738,0.4743,107306.0
1664591700000,0.4744,0.4744,0.4737,0.4739,147895.0
1664591760000,0.474,0.474,0.4734,0.4735,122174.0
1664591820000,0.4735,0.4738,0.4731,0.4737,131865.0
1664591880000,0.4737,0.474,0.4736,0.4739,43095.0
1664591940000,0.4739,0.4741,0.4736,0.474,135818.0
1664592000000,0.4741,0.4741,0.4735,0.474,123586.0
1664592060000,0.4739,0.474,0.4735,0.4737,106495.0
1664592120000,0.4737,0.4742,0.4737,0.474,258628.0
1664592180000,0.474,0.4747,0.474,0.4746,102130.0
1664592240000,0.4746,0.4757,0.4743,0.475,731228.0
1664592300000,0.4749,0.475,0.4743,0.4744,89109.0
1664592360000,0.4744,0.4744,0.4742,0.4742,217977.0
1664592420000,0.4742,0.4748,0.474,0.4745,86225.0
1664592480000,0.4745,0.4747,0.4744,0.4747,144729.0
1664592540000,0.4748,0.4748,0.4745,0.4747,110010.0
1664592600000,0.4746,0.4747,0.4744,0.4747,94614.0
1664592660000,0.4748,0.4748,0.4744,0.4745,121681.0
1664592720000,0.4744,0.4745,0.4743,0.4744,115751.0
1664592780000,0.4744,0.4757,0.474,0.4756,2307409.0
1664592840000,0.4756,0.477,0.4756,0.4761,532157.0
1664592900000,0.476,0.4761,0.4748,0.4755,265300.0
1664592960000,0.4755,0.4758,0.4753,0.4757,106805.0
1664593020000,0.4757,0.4759,0.4754,0.4756,104039.0
1664593080000,0.4755,0.4756,0.4751,0.4751,23008.0
1664593140000,0.4751,0.4752,0.4743,0.4744,85411.0
1664593200000,0.4745,0.476,0.4745,0.4758,464468.0
1664593260000,0.4758,0.476,0.4755,0.4758,200317.0
1664593320000,0.4759,0.476,0.4753,0.4756,234903.0
1664593380000,0.4755,0.4787,0.4755,0.4783,2713993.0
1664593440000,0.4783,0.4786,0.4769,0.477,873174.0
1664593500000,0.4769,0.478,0.4767,0.4774,423742.0
1664593560000,0.4773,0.4774,0.4765,0.4766,275945.0
1664593620000,0.4768,0.4768,0.4762,0.4767,110076.0
1664593680000,0.4768,0.4768,0.4764,0.4767,86484.0
1664593740000,0.4767,0.4767,0.4763,0.4763,148170.0
1664593800000,0.4764,0.4766,0.4754,0.4756,397297.0
1664593860000,0.4757,0.4766,0.4757,0.4764,167224.0
1664593920000,0.4763,0.4766,0.4757,0.4759,94902.0
1664593980000,0.476,0.4763,0.4757,0.4762,61219.0
1664594040000,0.4762,0.4765,0.4762,0.4764,30059.0
1664594100000,0.4765,0.4768,0.4763,0.4764,94592.0
1664594160000,0.4764,0.4765,0.4762,0.4764,39036.0
1664594220000,0.4764,0.4769,0.4764,0.4765,84476.0
1664594280000,0.4765,0.4769,0.4763,0.4763,111843.0
1664594340000,0.4764,0.4766,0.4763,0.4764,27436.0
1664594400000,0.4764,0.4769,0.4763,0.4765,57939.0
1664594460000,0.4765,0.4769,0.4765,0.4768,308541.0
1664594520000,0.4769,0.477,0.4764,0.4764,239790.0
1664594580000,0.4765,0.4769,0.4765,0.4768,163893.0
1664594640000,0.4768,0.4771,0.4767,0.4769,78081.0
1664594700000,0.4768,0.4768,0.4765,0.4765,35056.0
1664594760000,0.4766,0.4766,0.476,0.4761,258144.0
1664594820000,0.476,0.4762,0.4757,0.4758,160271.0
1664594880000,0.4758,0.4761,0.4757,0.4757,149678.0
1664594940000,0.4756,0.4756,0.4741,0.4742,296550.0
1664595000000,0.4741,0.4751,0.474,0.4749,435894.0
1664595060000,0.4749,0.4757,0.4749,0.4757,163280.0
1664595120000,0.4758,0.4759,0.4756,0.4757,56167.0
1664595180000,0.4758,0.4765,0.4758,0.4765,263233.0
1664595240000,0.4765,0.4766,0.4762,0.4763,24482.0
1664595300000,0.4763,0.4767,0.4763,0.4766,60295.0
1664595360000,0.4766,0.4769,0.4765,0.4768,29496.0
1664595420000,0.4768,0.477,0.4763,0.4768,182295.0
1664595480000,0.4767,0.4768,0.4765,0.4767,127541.0
1664595540000,0.4767,0.4768,0.4766,0.4767,26670.0
1664595600000,0.4768,0.477,0.4766,0.4768,124035.0
1664595660000,0.4768,0.4769,0.4766,0.4769,8416.0
1664595720000,0.4769,0.4769,0.4761,0.4764,134178.0
1664595780000,0.4765,0.4767,0.4764,0.4767,49124.0
1664595840000,0.4767,0.4767,0.4766,0.4766,13845.0
1664595900000,0.4766,0.4769,0.4766,0.4769,43652.0
1664595960000,0.4769,0.4773,0.4768,0.4768,169433.0
1664596020000,0.4768,0.4772,0.4766,0.4771,221339.0
1664596080000,0.4772,0.4773,0.4771,0.4772,96115.0
1664596140000,0.4771,0.4771,0.4768,0.4769,58504.0
1664596200000,0.4769,0.4771,0.4766,0.4771,74773.0
1664596260000,0.477,0.4772,0.477,0.4771,15831.0
1664596320000,0.4772,0.4772,0.4768,0.4772,58989.0
1664596380000,0.4771,0.4772,0.4767,0.4767,58438.0
1664596440000,0.4766,0.4768,0.4766,0.4768,28792.0
1664596500000,0.4768,0.477,0.4763,0.4763,182841.0
1664596560000,0.4764,0.4765,0.4761,0.4763,327341.0
1664596620000,0.4763,0.4763,0.4756,0.4758,148529.0
1664596680000,0.4758,0.4762,0.4757,0.4762,33580.0
1664596740000,0.4762,0.4763,0.476,0.4762,34714.0
1664596800000,0.4763,0.4766,0.4763,0.4763,64008.0
1664596860000,0.4763,0.4763,0.4753,0.4754,39687.0
1664596920000,0.4753,0.4754,0.4752,0.4752,99640.0
1664596980000,0.4753,0.4753,0.4748,0.4751,167688.0
1664597040000,0.4751,0.4751,0.4748,0.475,193151.0
1664597100000,0.4751,0.4752,0.4749,0.475,56205.0
1664597160000,0.475,0.4751,0.4749,0.4751,53274.0
1664597220000,0.475,0.4754,0.475,0.4752,16444.0
1664597280000,0.4753,0.4753,0.4748,0.475,50851.0
1664597340000,0.4749,0.4752,0.4748,0.4752,228740.0
1664597400000,0.4752,0.4754,0.4752,0.4754,146261.0
1664597460000,0.4754,0.4754,0.4753,0.4753,8178.0
1664597520000,0.4753,0.4754,0.4749,0.4753,95934.0
1664597580000,0.4753,0.4763,0.4753,0.4761,292886.0
1664597640000,0.4761,0.4764,0.476,0.4764,46470.0
1664597700000,0.4765,0.4766,0.476,0.4761,76534.0
1664597760000,0.476,0.4762,0.476,0.4762,46347.0
1664597820000,0.4762,0.4762,0.4754,0.4756,148418.0
1664597880000,0.4756,0.476,0.4754,0.476,41765.0
1664597940000,0.476,0.4761,0.4754,0.4755,35844.0
1664598000000,0.4755,0.4756,0.4754,0.4754,61633.0
1664598060000,0.4754,0.4759,0.4754,0.4757,56692.0
1664598120000,0.4757,0.4761,0.4757,0.4761,26982.0
1664598180000,0.4761,0.4761,0.4755,0.4755,116320.0
1664598240000,0.4755,0.4756,0.4751,0.4753,380453.0
1664598300000,0.4752,0.4753,0.475,0.4751,52183.0
1664598360000,0.4751,0.4755,0.4747,0.475,149845.0
1664598420000,0.475,0.4751,0.4744,0.4745,316613.0
1664598480000,0.4744,0.475,0.4744,0.4747,125229.0
1664598540000,0.4747,0.4747,0.4741,0.4744,104473.0
1664598600000,0.4744,0.4746,0.4743,0.4745,169066.0
1664598660000,0.4747,0.4747,0.4741,0.4741,56415.0
1664598720000,0.4741,0.4745,0.4741,0.4744,102714.0
1664598780000,0.4745,0.475,0.4743,0.4749,186507.0
1664598840000,0.475,0.4751,0.4749,0.4749,163477.0
1664598900000,0.4749,0.4749,0.4746,0.4747,90972.0
1664598960000,0.4749,0.4749,0.4746,0.4746,44943.0
1664599020000,0.4746,0.475,0.4745,0.4745,119187.0
1664599080000,0.4745,0.4746,0.4744,0.4745,45106.0
1664599140000,0.4744,0.4745,0.4743,0.4743,59658.0
1664599200000,0.4743,0.4744,0.474,0.474,174366.0
1664599260000,0.4739,0.4741,0.4734,0.4741,379360.0
1664599320000,0.4741,0.4741,0.4737,0.474,105480.0
1664599380000,0.474,0.4745,0.474,0.4745,97983.0
1664599440000,0.4745,0.4746,0.4744,0.4744,36957.0
1664599500000,0.4745,0.475,0.4744,0.4749,29052.0
1664599560000,0.4749,0.475,0.4746,0.4747,426863.0
1664599620000,0.4746,0.4749,0.4746,0.4747,119401.0
1664599680000,0.4747,0.4748,0.4735,0.4741,430183.0
1664599740000,0.474,0.4741,0.4736,0.4736,193915.0
1664599800000,0.4737,0.474,0.4736,0.4736,199042.0
1664599860000,0.4737,0.474,0.4736,0.474,83254.0
1664599920000,0.474,0.4742,0.4739,0.4739,82039.0
1664599980000,0.4739,0.474,0.4731,0.4733,308155.0
1664600040000,0.4733,0.4735,0.4731,0.4734,113901.0
1664600100000,0.4733,0.4734,0.4732,0.4733,55694.0
1664600160000,0.4733,0.4738,0.4733,0.4736,148103.0
1664600220000,0.4736,0.4737,0.4733,0.4734,92892.0
1664600280000,0.4734,0.4741,0.4734,0.4739,172764.0
1664600340000,0.474,0.4744,0.474,0.4743,57055.0
1664600400000,0.4743,0.4748,0.4743,0.4746,77459.0
1664600460000,0.4746,0.4746,0.4742,0.4742,52505.0
1664600520000,0.4743,0.4744,0.4741,0.4741,36261.0
1664600580000,0.4742,0.4746,0.4742,0.4745,120505.0
1664600640000,0.4745,0.4751,0.4745,0.4749,46721.0
1664600700000,0.4751,0.4756,0.4751,0.4755,63327.0
1664600760000,0.4755,0.4759,0.4751,0.4751,108308.0
1664600820000,0.4751,0.4755,0.4749,0.4755,184285.0
1664600880000,0.4755,0.4758,0.4753,0.4753,65652.0
1664600940000,0.4754,0.4759,0.4754,0.4755,60104.0
1664601000000,0.4755,0.4761,0.4755,0.476,109150.0
1664601060000,0.476,0.476,0.4757,0.4758,59877.0
1664601120000,0.4758,0.4761,0.4758,0.4759,129110.0
1664601180000,0.4758,0.4759,0.4753,0.4756,116067.0
1664601240000,0.4755,0.4759,0.4751,0.4753,205486.0
1664601300000,0.4753,0.4759,0.4753,0.4757,60123.0
1664601360000,0.4757,0.4759,0.4756,0.4757,40668.0
1664601420000,0.4757,0.4759,0.4753,0.4753,48687.0
1664601480000,0.4753,0.4753,0.4747,0.4751,101463.0
1664601540000,0.475,0.475,0.4741,0.4741,360173.0
1664601600000,0.474,0.4746,0.4737,0.4744,108625.0
1664601660000,0.4744,0.4744,0.474,0.474,117395.0
1664601720000,0.474,0.4741,0.4738,0.474,141603.0
1664601780000,0.474,0.474,0.4734,0.4735,116286.0
1664601840000,0.4735,0.4735,0.4727,0.4732,215002.0
1664601900000,0.4731,0.4733,0.4723,0.4724,277090.0
1664601960000,0.4724,0.4725,0.4712,0.4723,1612523.0
1664602020000,0.4723,0.4729,0.4723,0.4725,276567.0
1664602080000,0.4725,0.4726,0.4718,0.4723,168411.0
1664602140000,0.4724,0.4733,0.4722,0.4723,163352.0
1664602200000,0.4722,0.4728,0.4721,0.4726,89871.0
1664602260000,0.4726,0.4732,0.4726,0.473,104958.0
1664602320000,0.473,0.4732,0.4726,0.4727,234897.0
1664602380000,0.4727,0.473,0.4725,0.4729,200986.0
1664602440000,0.473,0.4735,0.4727,0.4729,478985.0
1664602500000,0.4729,0.473,0.4722,0.4723,223281.0
1664602560000,0.4722,0.4728,0.4722,0.4725,208099.0
1664602620000,0.4725,0.4725,0.4722,0.4722,100538.0
1664602680000,0.4723,0.4725,0.4718,0.472,113071.0
1664602740000,0.472,0.4724,0.472,0.4724,139888.0
1664602800000,0.4724,0.4726,0.4723,0.4726,32856.0
1664602860000,0.4727,0.4728,0.4726,0.4727,58816.0
1664602920000,0.4727,0.4732,0.4726,0.4732,112981.0
1664602980000,0.4732,0.4735,0.4731,0.4735,83047.0
1664603040000,0.4734,0.4735,0.4729,0.4731,276807.0
1664603100000,0.4731,0.4734,0.473,0.4732,51353.0
1664603160000,0.4731,0.4733,0.473,0.4733,38402.0
1664603220000,0.4733,0.4734,0.4733,0.4734,26660.0
1664603280000,0.4733,0.4739,0.4733,0.4739,324496.0
1664603340000,0.4739,0.4746,0.4738,0.4743,404898.0
1664603400000,0.4743,0.4743,0.474,0.4742,104953.0
1664603460000,0.4741,0.4743,0.4737,0.4739,68817.0
1664603520000,0.4738,0.4743,0.4738,0.4743,112687.0
1664603580000,0.4743,0.4745,0.4739,0.474,73288.0
1664603640000,0.4739,0.4743,0.4739,0.4741,87233.0
1664603700000,0.474,0.4742,0.4739,0.4742,22327.0
1664603760000,0.4741,0.4744,0.4741,0.4744,124939.0
1664603820000,0.4743,0.4745,0.474,0.4741,95530.0
1664603880000,0.4741,0.4742,0.474,0.4741,44661.0
1664603940000,0.474,0.4746,0.4739,0.4746,255631.0
1664604000000,0.4745,0.4746,0.4742,0.4743,86936.0
1664604060000,0.4742,0.4742,0.4739,0.474,54525.0
1664604120000,0.474,0.4742,0.4735,0.4735,80773.0
1664604180000,0.4735,0.4735,0.4733,0.4734,82555.0
1664604240000,0.4733,0.4734,0.4728,0.4733,104902.0
1664604300000,0.4732,0.4734,0.4729,0.473,55435.0
1664604360000,0.4729,0.4735,0.4729,0.4733,92835.0
1664604420000,0.4733,0.4733,0.473,0.4731,62543.0
1664604480000,0.4731,0.4733,0.4731,0.4733,97407.0
1664604540000,0.4733,0.4733,0.4732,0.4733,41078.0
1664604600000,0.4733,0.4733,0.4731,0.4732,54409.0
1664604660000,0.4733,0.4738,0.4732,0.4737,100369.0
1664604720000,0.4737,0.4739,0.4736,0.4737,51506.0
1664604780000,0.4738,0.4739,0.4737,0.4738,13575.0
1664604840000,0.4737,0.4741,0.4737,0.474,69964.0
1664604900000,0.4741,0.4741,0.4738,0.4739,32061.0
1664604960000,0.4739,0.4742,0.4738,0.4741,79424.0
1664605020000,0.474,0.4743,0.4736,0.4736,101502.0
1664605080000,0.4735,0.4736,0.4734,0.4735,32753.0
1664605140000,0.4734,0.4735,0.4731,0.4731,43229.0
1664605200000,0.4731,0.4737,0.4731,0.4734,36558.0
1664605260000,0.4733,0.4736,0.4733,0.4735,69699.0
1664605320000,0.4735,0.4736,0.473,0.4732,127704.0
1664605380000,0.4731,0.4734,0.473,0.4733,79514.0
1664605440000,0.4732,0.4734,0.4728,0.4729,283362.0
1664605500000,0.4729,0.473,0.472,0.472,200992.0
1664605560000,0.472,0.4726,0.472,0.4726,144346.0
1664605620000,0.4726,0.4727,0.4721,0.4722,33768.0
1664605680000,0.4722,0.4726,0.4721,0.4724,46988.0
1664605740000,0.4724,0.4729,0.4722,0.4729,262983.0
1664605800000,0.4729,0.4738,0.4729,0.4738,94737.0
1664605860000,0.4737,0.4739,0.4735,0.4737,150844.0
1664605920000,0.4737,0.4738,0.4735,0.4736,175992.0
1664605980000,0.4736,0.4739,0.4735,0.4739,112073.0
1664606040000,0.4739,0.4741,0.4738,0.4741,139304.0
1664606100000,0.474,0.4747,0.474,0.4743,445584.0
1664606160000,0.4743,0.4755,0.4743,0.4755,378502.0
1664606220000,0.4754,0.4759,0.4753,0.4754,160535.0
1664606280000,0.4753,0.4759,0.4753,0.4756,90199.0
1664606340000,0.4756,0.4765,0.4756,0.4757,640693.0
1664606400000,0.4757,0.4759,0.4751,0.4751,101113.0
1664606460000,0.475,0.4756,0.475,0.4756,39240.0
1664606520000,0.4756,0.4762,0.4755,0.4762,93227.0
1664606580000,0.4761,0.4774,0.4758,0.4774,729505.0
1664606640000,0.4773,0.4777,0.4767,0.4771,305736.0
1664606700000,0.4771,0.478,0.477,0.4775,1270586.0
1664606760000,0.4774,0.4775,0.4764,0.4766,180895.0
1664606820000,0.4766,0.4766,0.475,0.4753,273191.0
1664606880000,0.4753,0.4761,0.4749,0.4755,318687.0
1664606940000,0.4755,0.4758,0.4748,0.4754,403995.0
1664607000000,0.4754,0.4771,0.4754,0.4769,1081972.0
1664607060000,0.4769,0.4772,0.4763,0.4764,206791.0
1664607120000,0.4765,0.4766,0.476,0.476,98561.0
1664607180000,0.4759,0.4765,0.4754,0.4764,282287.0
1664607240000,0.4763,0.4763,0.4757,0.4758,48974.0
1664607300000,0.4758,0.4758,0.4753,0.4758,117901.0
1664607360000,0.4758,0.4758,0.475,0.4754,101917.0
1664607420000,0.4754,0.4755,0.4751,0.4752,81353.0
1664607480000,0.4751,0.4756,0.4751,0.4755,185668.0
1664607540000,0.4755,0.4757,0.4754,0.4756,44569.0
1664607600000,0.4756,0.4776,0.4751,0.4764,1693950.0
1664607660000,0.4766,0.4767,0.4761,0.4763,204903.0
1664607720000,0.4763,0.4765,0.4758,0.4758,100212.0
1664607780000,0.4759,0.4759,0.4753,0.4754,126333.0
1664607840000,0.4754,0.4754,0.475,0.4751,185539.0
1664607900000,0.4751,0.4752,0.4746,0.4748,252168.0
1664607960000,0.4749,0.4749,0.4746,0.4746,151484.0
1664608020000,0.4746,0.4747,0.4742,0.4743,132173.0
1664608080000,0.4743,0.4745,0.474,0.474,115731.0
1664608140000,0.4741,0.4742,0.4734,0.4736,191187.0
1664608200000,0.4736,0.4742,0.4735,0.474,86889.0
1664608260000,0.474,0.4741,0.4738,0.4741,124806.0
1664608320000,0.4741,0.4747,0.4741,0.4745,130601.0
1664608380000,0.4746,0.4747,0.4742,0.4746,107707.0
1664608440000,0.4745,0.4746,0.4743,0.4746,113708.0
1664608500000,0.4745,0.475,0.4744,0.475,100030.0
1664608560000,0.475,0.4755,0.4748,0.4754,100428.0
1664608620000,0.4754,0.4757,0.4753,0.4754,78796.0
1664608680000,0.4754,0.4754,0.475,0.4754,100283.0
1664608740000,0.4753,0.4753,0.4748,0.4751,238857.0
1664608800000,0.475,0.4751,0.4744,0.4746,93717.0
1664608860000,0.4746,0.4746,0.474,0.4741,206131.0
1664608920000,0.4742,0.4748,0.474,0.4747,185213.0
1664608980000,0.4748,0.4749,0.4744,0.4745,55012.0
1664609040000,0.4745,0.4745,0.4742,0.4742,17307.0
1664609100000,0.4743,0.4745,0.474,0.474,63776.0
1664609160000,0.474,0.4741,0.474,0.4741,22798.0
1664609220000,0.474,0.4741,0.4737,0.4738,72274.0
1664609280000,0.4737,0.4738,0.4732,0.4736,182904.0
1664609340000,0.4736,0.474,0.4734,0.474,165826.0
1664609400000,0.4741,0.4744,0.4738,0.4744,120567.0
1664609460000,0.4743,0.4743,0.4738,0.4741,85146.0
1664609520000,0.4742,0.4746,0.4742,0.4745,44008.0
1664609580000,0.4745,0.4748,0.4743,0.4747,163341.0
1664609640000,0.4748,0.4752,0.4747,0.4752,42735.0
1664609700000,0.4751,0.4754,0.4748,0.4748,191112.0
1664609760000,0.4748,0.4754,0.4748,0.4752,74967.0
1664609820000,0.4751,0.4751,0.4747,0.475,55667.0
1664609880000,0.475,0.4752,0.4749,0.4752,65138.0
1664609940000,0.4752,0.4755,0.475,0.4752,284464.0
1664610000000,0.4753,0.4754,0.4746,0.4752,749243.0
1664610060000,0.4752,0.4752,0.475,0.475,17558.0
1664610120000,0.475,0.4751,0.4746,0.4746,170541.0
1664610180000,0.4746,0.475,0.4746,0.4749,46109.0
1664610240000,0.4748,0.4749,0.4747,0.4748,7798.0
1664610300000,0.4747,0.4752,0.4747,0.4752,52364.0
1664610360000,0.4752,0.4756,0.4751,0.4755,110879.0
1664610420000,0.4756,0.4759,0.4755,0.4758,68422.0
1664610480000,0.4758,0.476,0.4758,0.476,355140.0
1664610540000,0.476,0.4763,0.4757,0.4757,312649.0
1664610600000,0.4756,0.4757,0.4754,0.4756,182691.0
1664610660000,0.4756,0.4759,0.4754,0.4759,22544.0
1664610720000,0.476,0.476,0.4757,0.4758,53834.0
1664610780000,0.4758,0.4762,0.4757,0.4762,28259.0
1664610840000,0.4761,0.4763,0.476,0.476,67404.0
1664610900000,0.476,0.4761,0.4755,0.4755,93480.0
1664610960000,0.4756,0.4758,0.4756,0.4756,13879.0
1664611020000,0.4757,0.4757,0.4754,0.4754,94715.0
1664611080000,0.4755,0.4757,0.4753,0.4756,157703.0
1664611140000,0.4757,0.4759,0.4755,0.4758,49667.0
1664611200000,0.4758,0.4761,0.4758,0.476,75072.0
1664611260000,0.476,0.4763,0.4759,0.4763,89603.0
1664611320000,0.4762,0.4765,0.476,0.4765,129987.0
1664611380000,0.4766,0.4767,0.4759,0.4766,602656.0
1664611440000,0.4765,0.4768,0.4763,0.4768,88586.0
1664611500000,0.4768,0.4768,0.4761,0.4761,104509.0
1664611560000,0.4762,0.4764,0.4758,0.4764,185999.0
1664611620000,0.4764,0.4768,0.4763,0.4767,89765.0
1664611680000,0.4767,0.4768,0.4761,0.4761,394374.0
1664611740000,0.4761,0.4763,0.4759,0.4759,85932.0
1664611800000,0.476,0.476,0.4751,0.4751,96528.0
1664611860000,0.4752,0.4753,0.4745,0.475,904959.0
1664611920000,0.475,0.4753,0.4749,0.4752,68329.0
1664611980000,0.4752,0.4754,0.4751,0.4753,48013.0
1664612040000,0.4752,0.4756,0.4751,0.4756,128944.0
1664612100000,0.4756,0.4759,0.4755,0.4759,93749.0
1664612160000,0.4758,0.476,0.4758,0.4759,66108.0
1664612220000,0.476,0.4761,0.4758,0.4759,137745.0
1664612280000,0.4759,0.4762,0.4759,0.4761,190467.0
1664612340000,0.4761,0.4766,0.4761,0.4766,75114.0
1664612400000,0.4765,0.4765,0.4761,0.4762,132800.0
1664612460000,0.4762,0.4762,0.4761,0.4762,49098.0
1664612520000,0.4762,0.4762,0.4761,0.4761,57967.0
1664612580000,0.4761,0.4762,0.476,0.4761,47508.0
1664612640000,0.4762,0.4764,0.4761,0.4761,81531.0
1664612700000,0.4762,0.4762,0.4758,0.476,50957.0
1664612760000,0.4762,0.4762,0.4761,0.4762,13169.0
1664612820000,0.4761,0.4761,0.4755,0.4755,178877.0
1664612880000,0.4755,0.4756,0.4751,0.4753,138599.0
1664612940000,0.4754,0.4757,0.4753,0.4757,89000.0
1664613000000,0.4757,0.4757,0.4752,0.4755,184268.0
1664613060000,0.4754,0.4756,0.475,0.4755,100121.0
1664613120000,0.4755,0.4756,0.4753,0.4754,36247.0
1664613180000,0.4754,0.4754,0.4752,0.4753,54325.0
1664613240000,0.4753,0.4753,0.4749,0.475,298599.0
1664613300000,0.475,0.4752,0.4749,0.475,213360.0
1664613360000,0.475,0.4751,0.4749,0.475,73913.0
1664613420000,0.475,0.4751,0.4749,0.475,31619.0
1664613480000,0.475,0.4751,0.4749,0.4749,13664.0
1664613540000,0.475,0.4754,0.4749,0.4753,125306.0
1664613600000,0.4753,0.4753,0.4749,0.475,106176.0
1664613660000,0.475,0.475,0.4748,0.4748,185634.0
1664613720000,0.4749,0.4751,0.4748,0.4751,224299.0
1664613780000,0.475,0.475,0.4747,0.4747,56761.0
1664613840000,0.4747,0.4748,0.4745,0.4746,129178.0
1664613900000,0.4745,0.4745,0.4743,0.4744,122504.0
1664613960000,0.4743,0.4747,0.474,0.4747,137041.0
1664614020000,0.4748,0.4748,0.4746,0.4747,37951.0
1664614080000,0.4746,0.4746,0.4744,0.4746,101816.0
1664614140000,0.4745,0.4748,0.4744,0.4748,133078.0
1664614200000,0.4747,0.4747,0.4745,0.4745,59631.0
1664614260000,0.4746,0.4748,0.4746,0.4746,34682.0
1664614320000,0.4746,0.4749,0.4745,0.4747,86130.0
1664614380000,0.4748,0.4748,0.4747,0.4748,18083.0
1664614440000,0.4747,0.4747,0.4741,0.4742,301434.0
1664614500000,0.4742,0.4744,0.4738,0.474,253862.0
1664614560000,0.474,0.4741,0.4732,0.4732,243538.0
1664614620000,0.4733,0.4739,0.4732,0.4738,160185.0
1664614680000,0.4739,0.4742,0.4733,0.4737,726254.0
1664614740000,0.4737,0.474,0.4736,0.4737,84277.0
1664614800000,0.4738,0.4743,0.4737,0.474,132902.0
1664614860000,0.474,0.4743,0.474,0.4741,49498.0
1664614920000,0.4741,0.4746,0.4741,0.4741,175880.0
1664614980000,0.4741,0.4743,0.4739,0.4743,64709.0
1664615040000,0.4743,0.4746,0.4743,0.4743,38058.0
1664615100000,0.4743,0.4744,0.4739,0.4743,142303.0
1664615160000,0.4743,0.4744,0.4742,0.4744,28978.0
1664615220000,0.4743,0.4747,0.4743,0.4744,322150.0
1664615280000,0.4743,0.4744,0.4741,0.4743,108802.0
1664615340000,0.4743,0.4743,0.4737,0.474,183703.0
1664615400000,0.4739,0.4743,0.4737,0.4742,96254.0
1664615460000,0.4741,0.4744,0.4741,0.4743,51296.0
1664615520000,0.4744,0.4746,0.4742,0.4746,95579.0
1664615580000,0.4746,0.4749,0.4745,0.4748,62613.0
1664615640000,0.4748,0.4751,0.4747,0.475,164935.0
1664615700000,0.4751,0.4753,0.4748,0.475,149182.0
1664615760000,0.4749,0.475,0.4748,0.4748,30215.0
1664615820000,0.4747,0.4749,0.4747,0.4748,36531.0
1664615880000,0.4749,0.4751,0.4747,0.4747,263041.0
1664615940000,0.4747,0.475,0.4742,0.4743,788295.0
1664616000000,0.4742,0.4742,0.4735,0.474,257089.0
1664616060000,0.474,0.4743,0.4738,0.4741,89379.0
1664616120000,0.4741,0.4741,0.4738,0.4738,123478.0
1664616180000,0.4738,0.4742,0.4737,0.4738,138970.0
1664616240000,0.4738,0.4742,0.4737,0.4739,276914.0
1664616300000,0.4739,0.4741,0.4737,0.4737,75172.0
1664616360000,0.4737,0.4739,0.4737,0.4739,48920.0
1664616420000,0.4739,0.4742,0.4738,0.4742,69760.0
1664616480000,0.4742,0.4742,0.474,0.4741,8717.0
1664616540000,0.4741,0.4743,0.474,0.4741,29792.0
1664616600000,0.474,0.4741,0.4737,0.474,157634.0
1664616660000,0.474,0.474,0.4736,0.4736,90130.0
1664616720000,0.4737,0.4737,0.4733,0.4733,40702.0
1664616780000,0.4733,0.4734,0.473,0.4732,230858.0
1664616840000,0.4732,0.4738,0.4732,0.4735,171462.0
1664616900000,0.4735,0.4736,0.4732,0.4735,105840.0
1664616960000,0.4735,0.4738,0.4734,0.4738,55555.0
1664617020000,0.4738,0.4738,0.4734,0.4735,30355.0
1664617080000,0.4735,0.4739,0.4734,0.4739,35851.0
1664617140000,0.4738,0.4738,0.4735,0.4737,108622.0
1664617200000,0.4736,0.4739,0.4736,0.4739,159125.0
1664617260000,0.4738,0.4738,0.473,0.473,185361.0
1664617320000,0.4731,0.4734,0.4727,0.4727,132517.0
1664617380000,0.4728,0.473,0.4726,0.4728,352785.0
1664617440000,0.4728,0.473,0.4728,0.4728,57130.0
1664617500000,0.4729,0.4729,0.4722,0.4725,673710.0
1664617560000,0.4725,0.4725,0.4718,0.4721,203633.0
1664617620000,0.4721,0.4725,0.4721,0.4724,101102.0
1664617680000,0.4725,0.4734,0.4725,0.4728,1233686.0
1664617740000,0.4728,0.4732,0.4724,0.4732,790606.0
1664617800000,0.4732,0.4732,0.4725,0.473,100735.0
1664617860000,0.473,0.4734,0.4729,0.4734,83136.0
1664617920000,0.4733,0.4737,0.4731,0.4735,74514.0
1664617980000,0.4735,0.474,0.4735,0.4739,63186.0
1664618040000,0.4739,0.4741,0.4736,0.474,48567.0
1664618100000,0.474,0.4741,0.4739,0.4741,84064.0
1664618160000,0.474,0.4743,0.474,0.4743,37923.0
1664618220000,0.4742,0.4744,0.4737,0.474,45692.0
1664618280000,0.4739,0.474,0.4736,0.4738,40342.0
1664618340000,0.4738,0.4741,0.4737,0.474,111820.0
1664618400000,0.4741,0.4747,0.4741,0.4742,60119.0
1664618460000,0.4741,0.4742,0.4741,0.4741,34369.0
1664618520000,0.4741,0.4741,0.4736,0.4737,251710.0
1664618580000,0.4736,0.474,0.4735,0.4739,159116.0
1664618640000,0.4738,0.474,0.4737,0.4737,186356.0
1664618700000,0.4737,0.4739,0.4736,0.4736,24099.0
1664618760000,0.4737,0.4738,0.4733,0.4733,85631.0
1664618820000,0.4734,0.4734,0.473,0.4733,90984.0
1664618880000,0.4732,0.4733,0.4728,0.4733,165001.0
1664618940000,0.4733,0.4733,0.4728,0.473,98581.0
1664619000000,0.4731,0.4733,0.473,0.4731,35453.0
1664619060000,0.4731,0.4731,0.4719,0.4726,641354.0
1664619120000,0.4726,0.473,0.4725,0.473,70255.0
1664619180000,0.473,0.4735,0.473,0.4734,70624.0
1664619240000,0.4733,0.4738,0.4733,0.4737,69970.0
1664619300000,0.4737,0.4737,0.4732,0.4734,78524.0
1664619360000,0.4734,0.4735,0.4733,0.4734,89136.0
1664619420000,0.4733,0.4736,0.4733,0.4736,43767.0
1664619480000,0.4735,0.4736,0.4731,0.4731,62506.0
1664619540000,0.473,0.4735,0.4728,0.4733,88794.0
1664619600000,0.4734,0.4738,0.4734,0.4738,81207.0
1664619660000,0.4739,0.4745,0.4739,0.4742,308557.0
1664619720000,0.4741,0.475,0.4741,0.475,321680.0
1664619780000,0.475,0.475,0.4747,0.475,50433.0
1664619840000,0.4749,0.4752,0.4747,0.4752,217424.0
1664619900000,0.4752,0.4752,0.4747,0.4749,72259.0
1664619960000,0.4749,0.475,0.4747,0.4749,36466.0
1664620020000,0.4749,0.475,0.4746,0.475,98258.0
1664620080000,0.475,0.4753,0.4749,0.4752,101548.0
1664620140000,0.4751,0.4752,0.475,0.4751,66251.0
1664620200000,0.4751,0.4752,0.4747,0.4749,177125.0
1664620260000,0.4748,0.4749,0.4745,0.4747,56361.0
1664620320000,0.4748,0.4748,0.4744,0.4745,56032.0
1664620380000,0.4745,0.4747,0.4743,0.4746,46632.0
1664620440000,0.4747,0.4751,0.4745,0.475,176067.0
1664620500000,0.475,0.4753,0.475,0.4753,57469.0
1664620560000,0.4753,0.4756,0.4752,0.4754,192824.0
1664620620000,0.4754,0.4755,0.4753,0.4754,76056.0
1664620680000,0.4753,0.4757,0.4753,0.4757,122439.0
1664620740000,0.4756,0.4757,0.4753,0.4756,85667.0
1664620800000,0.4756,0.4757,0.4754,0.4755,39279.0
1664620860000,0.4756,0.4756,0.4753,0.4754,30633.0
1664620920000,0.4755,0.4758,0.4754,0.4758,81177.0
1664620980000,0.4757,0.4758,0.4756,0.4758,45397.0
1664621040000,0.4758,0.4759,0.4751,0.4751,239709.0
1664621100000,0.4752,0.4755,0.475,0.4755,163394.0
1664621160000,0.4755,0.4757,0.4755,0.4756,23618.0
1664621220000,0.4756,0.4759,0.4755,0.4757,513437.0
1664621280000,0.4757,0.4758,0.4753,0.4753,80531.0
1664621340000,0.4752,0.4754,0.4752,0.4753,34998.0
1664621400000,0.4752,0.4754,0.4752,0.4754,14713.0
1664621460000,0.4753,0.4753,0.4747,0.4747,28629.0
1664621520000,0.4747,0.4751,0.4745,0.475,295644.0
1664621580000,0.475,0.4753,0.4749,0.4749,81215.0
1664621640000,0.4748,0.4751,0.4747,0.4749,49707.0
1664621700000,0.4749,0.4749,0.4747,0.4748,25344.0
1664621760000,0.4748,0.4749,0.4747,0.4748,25435.0
1664621820000,0.4747,0.475,0.4746,0.4747,63970.0
1664621880000,0.4748,0.4749,0.4748,0.4748,25900.0
1664621940000,0.4747,0.4747,0.4745,0.4747,37122.0
1664622000000,0.4746,0.4748,0.4745,0.4746,35174.0
1664622060000,0.4747,0.4749,0.4746,0.4747,55683.0
1664622120000,0.4748,0.4748,0.4747,0.4748,50436.0
1664622180000,0.4747,0.4748,0.4746,0.4747,46846.0
1664622240000,0.4748,0.475,0.4747,0.4749,66959.0
1664622300000,0.475,0.475,0.4749,0.475,52858.0
1664622360000,0.4751,0.4753,0.475,0.4752,29640.0
1664622420000,0.4753,0.4756,0.4753,0.4755,54809.0
1664622480000,0.4755,0.4759,0.4755,0.4757,136891.0
1664622540000,0.4757,0.4758,0.4752,0.4755,545731.0
1664622600000,0.4754,0.4755,0.4749,0.4751,98867.0
1664622660000,0.4752,0.4755,0.475,0.475,52115.0
1664622720000,0.4751,0.4755,0.4751,0.4751,79497.0
1664622780000,0.475,0.4751,0.4748,0.475,145454.0
1664622840000,0.4749,0.4749,0.4747,0.4749,35705.0
1664622900000,0.4748,0.4749,0.4748,0.4749,24183.0
1664622960000,0.4749,0.4749,0.4747,0.4747,32918.0
1664623020000,0.4747,0.4748,0.4743,0.4746,294706.0
1664623080000,0.4745,0.4747,0.4743,0.4743,26799.0
1664623140000,0.4743,0.4747,0.4743,0.4743,70159.0
1664623200000,0.4743,0.4748,0.4743,0.4747,52330.0
1664623260000,0.4748,0.4751,0.4747,0.475,45987.0
1664623320000,0.4751,0.4753,0.4746,0.4747,117660.0
1664623380000,0.4747,0.4748,0.4745,0.4745,24853.0
1664623440000,0.4745,0.4745,0.474,0.474,109931.0
1664623500000,0.474,0.4743,0.4739,0.4739,87430.0
1664623560000,0.4739,0.4739,0.4734,0.4735,196809.0
1664623620000,0.4735,0.4735,0.4728,0.4731,326570.0
1664623680000,0.473,0.4731,0.4725,0.4728,201760.0
1664623740000,0.4728,0.4728,0.4683,0.471,3962592.0
1664623800000,0.471,0.4722,0.4708,0.4713,1695259.0
1664623860000,0.4713,0.4713,0.4697,0.4701,946100.0
1664623920000,0.47,0.4708,0.4699,0.4702,428322.0
1664623980000,0.4702,0.4713,0.4702,0.4708,210534.0
1664624040000,0.4707,0.4708,0.4699,0.4708,277081.0
1664624100000,0.4707,0.4718,0.4703,0.4714,243185.0
1664624160000,0.4715,0.4718,0.4708,0.4708,215181.0
1664624220000,0.4708,0.4712,0.4705,0.471,612609.0
1664624280000,0.4709,0.4709,0.4703,0.4708,343876.0
1664624340000,0.4709,0.471,0.4702,0.4706,169255.0
1664624400000,0.4705,0.4707,0.4702,0.4704,178422.0
1664624460000,0.4704,0.471,0.4704,0.471,81786.0
1664624520000,0.471,0.472,0.471,0.472,67401.0
1664624580000,0.4719,0.4724,0.4718,0.4724,269277.0
1664624640000,0.4723,0.4728,0.4723,0.4725,236587.0
1664624700000,0.4725,0.4728,0.4718,0.4724,535072.0
1664624760000,0.4724,0.4733,0.4724,0.4729,1030952.0
1664624820000,0.4729,0.473,0.4723,0.4728,133042.0
1664624880000,0.4729,0.4729,0.4724,0.4727,137317.0
1664624940000,0.4727,0.4729,0.4726,0.4728,48130.0
1664625000000,0.4728,0.4728,0.472,0.4723,224418.0
1664625060000,0.4724,0.4729,0.4724,0.4727,107146.0
1664625120000,0.4727,0.4737,0.4727,0.4737,201119.0
1664625180000,0.4737,0.4737,0.4729,0.4731,145032.0
1664625240000,0.4732,0.4735,0.473,0.4735,119583.0
1664625300000,0.4736,0.4737,0.4731,0.4732,82149.0
1664625360000,0.4732,0.4734,0.4731,0.4731,124443.0
1664625420000,0.4731,0.4737,0.473,0.4737,114847.0
1664625480000,0.4736,0.4738,0.4733,0.4735,156053.0
1664625540000,0.4735,0.4738,0.4735,0.4737,73574.0
1664625600000,0.4737,0.4737,0.473,0.4732,185083.0
1664625660000,0.4731,0.4735,0.473,0.4731,95524.0
1664625720000,0.4731,0.4734,0.4729,0.473,301845.0
1664625780000,0.4729,0.4734,0.4729,0.4734,159584.0
1664625840000,0.4734,0.474,0.4734,0.474,184627.0
1664625900000,0.4739,0.4744,0.4737,0.4742,292190.0
1664625960000,0.4743,0.4743,0.4736,0.4736,132947.0
1664626020000,0.4736,0.4737,0.4732,0.4734,152045.0
1664626080000,0.4735,0.4735,0.473,0.473,72371.0
1664626140000,0.4731,0.4734,0.473,0.4731,64611.0
1664626200000,0.4731,0.4733,0.4728,0.473,170232.0
1664626260000,0.473,0.4737,0.473,0.4734,54963.0
1664626320000,0.4736,0.4739,0.4735,0.4735,115181.0
1664626380000,0.4735,0.474,0.4732,0.4735,102201.0
1664626440000,0.4735,0.4736,0.4731,0.4734,69837.0
1664626500000,0.4734,0.4735,0.4729,0.473,86888.0
1664626560000,0.473,0.4738,0.473,0.4735,150530.0
1664626620000,0.4736,0.4737,0.4734,0.4735,85838.0
1664626680000,0.4734,0.4734,0.473,0.473,33092.0
1664626740000,0.473,0.4731,0.472,0.4727,1979815.0
1664626800000,0.4727,0.4739,0.4727,0.4738,1083362.0
1664626860000,0.4737,0.474,0.4733,0.4733,216628.0
1664626920000,0.4734,0.4737,0.4733,0.4736,60345.0
1664626980000,0.4737,0.4738,0.4734,0.4734,95682.0
1664627040000,0.4733,0.4738,0.4731,0.4732,476801.0
1664627100000,0.4732,0.4735,0.4731,0.4734,90094.0
1664627160000,0.4735,0.4735,0.4731,0.4732,134586.0
1664627220000,0.4733,0.4734,0.4729,0.4729,87424.0
1664627280000,0.4729,0.4729,0.4726,0.4727,81247.0
1664627340000,0.4728,0.4728,0.4725,0.4728,60432.0
1664627400000,0.4727,0.4727,0.4721,0.4725,192002.0
1664627460000,0.4726,0.4732,0.4725,0.4732,120057.0
1664627520000,0.4733,0.4734,0.4731,0.4733,83773.0
1664627580000,0.4734,0.4734,0.4727,0.4728,49489.0
1664627640000,0.4728,0.473,0.4727,0.4728,34636.0
1664627700000,0.4728,0.4728,0.4723,0.4724,42073.0
1664627760000,0.4725,0.4726,0.4723,0.4725,35382.0
1664627820000,0.4726,0.4726,0.4714,0.4718,1600281.0
1664627880000,0.4719,0.4724,0.4719,0.4721,200217.0
1664627940000,0.4721,0.4725,0.4717,0.4718,61969.0
1664628000000,0.4717,0.4722,0.4717,0.472,109161.0
1664628060000,0.4719,0.472,0.4715,0.4717,131438.0
1664628120000,0.4717,0.4718,0.4715,0.4715,47264.0
1664628180000,0.4715,0.4718,0.4715,0.4718,179499.0
1664628240000,0.4718,0.4722,0.4715,0.4721,241014.0
1664628300000,0.4722,0.4728,0.4721,0.4722,114932.0
1664628360000,0.4722,0.4732,0.4722,0.4732,155297.0
1664628420000,0.4732,0.4734,0.4728,0.4734,133216.0
1664628480000,0.4734,0.474,0.4733,0.4739,213545.0
1664628540000,0.4739,0.4739,0.4733,0.4738,245417.0
1664628600000,0.4738,0.4738,0.4732,0.4736,209087.0
1664628660000,0.4736,0.4742,0.4736,0.4741,140079.0
1664628720000,0.4742,0.4742,0.4738,0.474,52602.0
1664628780000,0.474,0.4743,0.4738,0.4738,51228.0
1664628840000,0.4739,0.4757,0.4738,0.4755,1510923.0
1664628900000,0.4755,0.4757,0.4748,0.4753,425773.0
1664628960000,0.4753,0.4757,0.4751,0.4752,174872.0
1664629020000,0.4753,0.4754,0.4751,0.4752,55236.0
1664629080000,0.4753,0.4753,0.4748,0.4748,81477.0
1664629140000,0.4749,0.4752,0.4745,0.4749,106847.0
1664629200000,0.4748,0.4748,0.474,0.4746,247533.0
1664629260000,0.4747,0.4766,0.474,0.476,2627316.0
1664629320000,0.476,0.476,0.4749,0.475,398053.0
1664629380000,0.4751,0.4756,0.475,0.4754,162037.0
1664629440000,0.4754,0.4759,0.4751,0.4752,445321.0
1664629500000,0.4752,0.476,0.4751,0.4757,292559.0
1664629560000,0.4758,0.4764,0.4757,0.4764,385104.0
1664629620000,0.4763,0.4764,0.4755,0.4759,391719.0
1664629680000,0.4758,0.4763,0.4756,0.4762,338813.0
1664629740000,0.4762,0.4765,0.4761,0.4762,121523.0
1664629800000,0.4761,0.4768,0.4758,0.4765,396007.0
1664629860000,0.4765,0.477,0.4764,0.4769,293384.0
1664629920000,0.4769,0.4771,0.4764,0.4769,368972.0
1664629980000,0.477,0.4793,0.4768,0.4785,2756242.0
1664630040000,0.4785,0.4803,0.4785,0.48,1633577.0
1664630100000,0.48,0.4821,0.4798,0.4814,4502380.0
1664630160000,0.4815,0.4831,0.4815,0.4818,1786154.0
1664630220000,0.4819,0.4827,0.4816,0.4818,1265315.0
1664630280000,0.4818,0.4824,0.48,0.4808,2711611.0
1664630340000,0.4808,0.4811,0.479,0.4805,1470384.0
1664630400000,0.4804,0.4817,0.4802,0.4812,440915.0
1664630460000,0.4811,0.482,0.4802,0.4804,1543782.0
1664630520000,0.4803,0.4805,0.4798,0.48,192645.0
1664630580000,0.4801,0.4802,0.479,0.4796,553510.0
1664630640000,0.4796,0.4805,0.4795,0.4804,904374.0
1664630700000,0.4805,0.4809,0.48,0.4808,827049.0
1664630760000,0.4809,0.4825,0.4805,0.482,1720113.0
1664630820000,0.482,0.482,0.4807,0.4809,1325021.0
1664630880000,0.4808,0.4808,0.4801,0.4802,380418.0
1664630940000,0.4802,0.4804,0.4793,0.4794,408721.0
1664631000000,0.4795,0.4798,0.4783,0.4786,740726.0
1664631060000,0.4787,0.4792,0.4784,0.479,572470.0
1664631120000,0.4789,0.4791,0.4777,0.4778,446425.0
1664631180000,0.4777,0.4789,0.4777,0.4789,311364.0
1664631240000,0.4789,0.479,0.4787,0.4787,54266.0
1664631300000,0.4786,0.4789,0.4785,0.4789,123873.0
1664631360000,0.479,0.4791,0.4788,0.4789,107719.0
1664631420000,0.479,0.4792,0.4788,0.479,71779.0
1664631480000,0.4789,0.4789,0.4783,0.4787,156226.0
1664631540000,0.4787,0.4788,0.4779,0.4783,169187.0
1664631600000,0.4782,0.4785,0.4778,0.4783,281168.0
1664631660000,0.4783,0.4787,0.478,0.4787,100668.0
1664631720000,0.4787,0.479,0.4785,0.4789,56115.0
1664631780000,0.479,0.4795,0.479,0.4791,128633.0
1664631840000,0.479,0.479,0.4783,0.4784,52201.0
1664631900000,0.4784,0.4789,0.4783,0.4788,298839.0
1664631960000,0.4788,0.4791,0.4786,0.4788,608199.0
1664632020000,0.4788,0.4788,0.4783,0.4784,109803.0
1664632080000,0.4783,0.4786,0.478,0.4785,120260.0
1664632140000,0.4786,0.4787,0.4784,0.4786,49125.0
1664632200000,0.4786,0.4789,0.4783,0.4789,61195.0
1664632260000,0.4789,0.4795,0.4789,0.4795,71029.0
1664632320000,0.4794,0.4795,0.4793,0.4795,83312.0
1664632380000,0.4794,0.4798,0.4794,0.4795,301094.0
1664632440000,0.4795,0.4809,0.4795,0.4807,354967.0
1664632500000,0.4807,0.4808,0.4798,0.4799,201156.0
1664632560000,0.48,0.4804,0.4799,0.4802,84944.0
1664632620000,0.4803,0.4808,0.4801,0.4807,31872.0
1664632680000,0.4807,0.4815,0.4806,0.4813,357623.0
1664632740000,0.4813,0.4814,0.4808,0.481,176144.0
1664632800000,0.481,0.481,0.4801,0.4802,273004.0
1664632860000,0.4802,0.4808,0.4798,0.4808,281019.0
1664632920000,0.4808,0.4809,0.4805,0.4805,228180.0
1664632980000,0.4805,0.4818,0.4805,0.4815,222435.0
1664633040000,0.4814,0.4814,0.4797,0.48,375722.0
1664633100000,0.4801,0.4801,0.4782,0.4782,814472.0
1664633160000,0.4782,0.4785,0.4771,0.4781,764485.0
1664633220000,0.4781,0.4781,0.4774,0.4781,490572.0
1664633280000,0.478,0.4791,0.4778,0.4789,260447.0
1664633340000,0.4789,0.4789,0.4781,0.4781,167957.0
1664633400000,0.4781,0.4787,0.478,0.4785,109952.0
1664633460000,0.4786,0.4792,0.4786,0.479,97164.0
1664633520000,0.479,0.479,0.4786,0.4788,112280.0
1664633580000,0.4788,0.4794,0.4788,0.4791,161699.0
1664633640000,0.4791,0.4791,0.4785,0.4788,101873.0
1664633700000,0.4788,0.479,0.4788,0.479,53776.0
1664633760000,0.4789,0.479,0.4781,0.4782,113268.0
1664633820000,0.4782,0.4782,0.4768,0.4769,466635.0
1664633880000,0.4769,0.4771,0.4755,0.4767,1896464.0
1664633940000,0.4767,0.4771,0.4763,0.4767,269853.0
1664634000000,0.4767,0.4774,0.4766,0.4772,240470.0
1664634060000,0.4772,0.4784,0.4772,0.478,1196128.0
1664634120000,0.4781,0.4781,0.4773,0.4773,90422.0
1664634180000,0.4774,0.4778,0.4773,0.4778,44205.0
1664634240000,0.4778,0.4778,0.4775,0.4777,58801.0
1664634300000,0.4777,0.4781,0.4777,0.4781,134434.0
1664634360000,0.4781,0.4787,0.478,0.4787,64662.0
1664634420000,0.4787,0.4787,0.4781,0.4782,104925.0
1664634480000,0.4782,0.4783,0.4768,0.4769,1185165.0
1664634540000,0.4768,0.4778,0.4768,0.4775,238243.0
1664634600000,0.4774,0.4774,0.477,0.4774,65275.0
1664634660000,0.4774,0.478,0.4774,0.4777,78479.0
1664634720000,0.4777,0.4778,0.4775,0.4776,35903.0
1664634780000,0.4775,0.4776,0.477,0.4773,51695.0
1664634840000,0.4773,0.4773,0.4769,0.477,30570.0
1664634900000,0.4769,0.4771,0.4766,0.4768,111327.0
1664634960000,0.4767,0.477,0.4763,0.4764,138618.0
1664635020000,0.4764,0.4767,0.4761,0.4762,139483.0
1664635080000,0.4762,0.4766,0.476,0.4763,256843.0
1664635140000,0.4762,0.477,0.4762,0.477,136871.0
1664635200000,0.477,0.4771,0.4762,0.4765,91726.0
1664635260000,0.4765,0.4767,0.4762,0.4766,106840.0
1664635320000,0.4765,0.4769,0.4763,0.4767,169462.0
1664635380000,0.4767,0.4768,0.4764,0.4766,88381.0
1664635440000,0.4766,0.4776,0.4764,0.4774,887144.0
1664635500000,0.4775,0.4775,0.4769,0.4769,144147.0
1664635560000,0.4768,0.4769,0.4767,0.4769,49321.0
1664635620000,0.4768,0.4773,0.4768,0.4773,29739.0
1664635680000,0.4774,0.4775,0.4771,0.4775,26180.0
1664635740000,0.4775,0.4776,0.4774,0.4774,21369.0
1664635800000,0.4774,0.4776,0.4774,0.4774,173342.0
1664635860000,0.4775,0.4778,0.4775,0.4776,120442.0
1664635920000,0.4775,0.4775,0.477,0.477,22190.0
1664635980000,0.477,0.4772,0.4768,0.4772,121668.0
1664636040000,0.4772,0.4775,0.4769,0.4772,138546.0
1664636100000,0.4773,0.4775,0.4771,0.4772,68598.0
1664636160000,0.4772,0.4772,0.4764,0.4765,61629.0
1664636220000,0.4764,0.4765,0.4758,0.4762,194245.0
1664636280000,0.4762,0.4767,0.4762,0.4767,52820.0
1664636340000,0.4766,0.4768,0.4764,0.4767,49530.0
1664636400000,0.4768,0.4769,0.4765,0.4765,126592.0
1664636460000,0.4766,0.4768,0.4761,0.4763,167507.0
1664636520000,0.4763,0.4768,0.4763,0.4765,62648.0
1664636580000,0.4766,0.4778,0.4766,0.4776,141505.0
1664636640000,0.4775,0.4778,0.4774,0.4777,219897.0
1664636700000,0.4776,0.4778,0.4774,0.4777,111708.0
1664636760000,0.4777,0.4779,0.4773,0.4774,458104.0
1664636820000,0.4774,0.4775,0.4772,0.4773,65392.0
1664636880000,0.4773,0.4777,0.4773,0.4776,31467.0
1664636940000,0.4777,0.478,0.4776,0.4779,110898.0
1664637000000,0.4778,0.4779,0.4777,0.4778,103353.0
1664637060000,0.4778,0.478,0.4776,0.4779,61873.0
1664637120000,0.4779,0.4781,0.4777,0.4777,47268.0
1664637180000,0.4778,0.4781,0.4776,0.4779,129846.0
1664637240000,0.4779,0.4793,0.4779,0.4791,745626.0
1664637300000,0.4792,0.4797,0.4788,0.4797,541971.0
1664637360000,0.4796,0.4797,0.4788,0.4791,223758.0
1664637420000,0.479,0.4792,0.4787,0.4788,105021.0
1664637480000,0.4787,0.479,0.4786,0.4787,104210.0
1664637540000,0.4787,0.4787,0.4778,0.4778,136377.0
1664637600000,0.4778,0.4779,0.477,0.4771,78141.0
1664637660000,0.4771,0.4774,0.477,0.4772,68064.0
1664637720000,0.4772,0.4772,0.4769,0.477,41762.0
1664637780000,0.477,0.4771,0.4769,0.4769,83737.0
1664637840000,0.477,0.4776,0.4765,0.4776,307095.0
1664637900000,0.4775,0.4775,0.4771,0.4773,81601.0
1664637960000,0.4772,0.4773,0.4771,0.4771,29531.0
1664638020000,0.4773,0.4773,0.477,0.4771,44687.0
1664638080000,0.4773,0.4776,0.4772,0.4774,52982.0
1664638140000,0.4775,0.4778,0.4775,0.4776,21103.0
1664638200000,0.4776,0.4777,0.4773,0.4774,87941.0
1664638260000,0.4772,0.4774,0.4772,0.4774,11681.0
1664638320000,0.4774,0.478,0.4773,0.4778,253701.0
1664638380000,0.4777,0.4783,0.4774,0.4776,205286.0
1664638440000,0.4776,0.4777,0.4773,0.4777,55276.0
1664638500000,0.4776,0.4782,0.4774,0.4782,181816.0
1664638560000,0.4782,0.4786,0.4779,0.4779,61765.0
1664638620000,0.478,0.4783,0.478,0.478,27184.0
1664638680000,0.4781,0.4783,0.4779,0.4781,64132.0
1664638740000,0.4782,0.4783,0.4777,0.4779,138352.0
1664638800000,0.4779,0.478,0.4779,0.478,29802.0
1664638860000,0.478,0.4782,0.478,0.4782,36539.0
1664638920000,0.4781,0.4787,0.4781,0.4787,186929.0
1664638980000,0.4787,0.4788,0.4786,0.4786,31868.0
1664639040000,0.4787,0.4793,0.4787,0.4793,73209.0
1664639100000,0.4793,0.4794,0.479,0.4791,132554.0
1664639160000,0.4792,0.4809,0.4792,0.4801,627862.0
1664639220000,0.4801,0.4804,0.4799,0.4799,109077.0
1664639280000,0.48,0.48,0.4794,0.4796,214592.0
1664639340000,0.4796,0.4796,0.4789,0.4794,228342.0
1664639400000,0.4795,0.4799,0.4793,0.4796,107181.0
1664639460000,0.4796,0.4799,0.4795,0.4799,106288.0
1664639520000,0.4799,0.4805,0.4799,0.4803,103140.0
1664639580000,0.4804,0.481,0.4803,0.4805,242674.0
1664639640000,0.4805,0.481,0.4805,0.4809,315785.0
1664639700000,0.4809,0.4826,0.4809,0.4822,555545.0
1664639760000,0.4822,0.4842,0.4821,0.4825,1351356.0
1664639820000,0.4826,0.483,0.4817,0.4819,882600.0
1664639880000,0.4818,0.4823,0.4816,0.4823,316014.0
1664639940000,0.4822,0.4824,0.482,0.4821,361261.0
1664640000000,0.4822,0.4822,0.4813,0.4813,273520.0
1664640060000,0.4814,0.4819,0.4808,0.4818,294154.0
1664640120000,0.4818,0.4822,0.4817,0.4818,174467.0
1664640180000,0.4817,0.4825,0.4817,0.4825,182762.0
1664640240000,0.4826,0.4834,0.4826,0.4827,549695.0
1664640300000,0.4827,0.4833,0.4826,0.4832,207100.0
1664640360000,0.4832,0.4832,0.4822,0.4822,206919.0
1664640420000,0.4823,0.4823,0.4804,0.4817,788292.0
1664640480000,0.4817,0.4818,0.481,0.4814,183318.0
1664640540000,0.4815,0.483,0.4815,0.4828,172294.0
1664640600000,0.4827,0.4831,0.4821,0.4829,347542.0
1664640660000,0.483,0.4831,0.4826,0.4829,369662.0
1664640720000,0.4828,0.4831,0.4825,0.4831,171525.0
1664640780000,0.483,0.483,0.4824,0.4825,117226.0
1664640840000,0.4824,0.4826,0.481,0.4811,194519.0
1664640900000,0.4811,0.4812,0.4785,0.4796,1645773.0
1664640960000,0.4795,0.4808,0.4795,0.4806,246833.0
1664641020000,0.4805,0.4805,0.4799,0.4799,390767.0
1664641080000,0.48,0.48,0.4793,0.48,161258.0
1664641140000,0.4799,0.4801,0.4783,0.4787,515273.0
1664641200000,0.4788,0.4793,0.4774,0.4782,1286142.0
1664641260000,0.4782,0.4788,0.4774,0.4783,887122.0
1664641320000,0.4784,0.4787,0.4775,0.4778,332101.0
1664641380000,0.4779,0.4785,0.4779,0.4782,196216.0
1664641440000,0.4781,0.4782,0.4776,0.4777,340874.0
1664641500000,0.4777,0.4789,0.4776,0.4789,281237.0
1664641560000,0.479,0.4794,0.4784,0.4786,216087.0
1664641620000,0.4786,0.4786,0.4778,0.4783,243018.0
1664641680000,0.4783,0.4796,0.4782,0.4792,1074649.0
1664641740000,0.4792,0.4798,0.4792,0.4792,139568.0
1664641800000,0.4793,0.4796,0.4788,0.4788,98916.0
1664641860000,0.4787,0.4794,0.4787,0.4793,125490.0
1664641920000,0.4792,0.4797,0.4789,0.4797,79676.0
1664641980000,0.4796,0.48,0.4796,0.4798,51879.0
1664642040000,0.4798,0.4801,0.4797,0.4801,279743.0
1664642100000,0.4801,0.4807,0.4798,0.4807,109078.0
1664642160000,0.4807,0.4807,0.4799,0.4804,202330.0
1664642220000,0.4804,0.4805,0.4802,0.4804,132783.0
1664642280000,0.4804,0.4809,0.4803,0.4809,54657.0
1664642340000,0.481,0.481,0.4798,0.4803,353215.0
1664642400000,0.4803,0.4806,0.4803,0.4804,159115.0
1664642460000,0.4804,0.4806,0.4802,0.4802,68017.0
1664642520000,0.4802,0.4803,0.4779,0.4785,1241405.0
1664642580000,0.4784,0.4795,0.4784,0.479,395514.0
1664642640000,0.4789,0.4795,0.4788,0.4793,82466.0
1664642700000,0.4793,0.4804,0.4785,0.4804,150322.0
1664642760000,0.4803,0.4808,0.4802,0.4808,97820.0
1664642820000,0.4808,0.481,0.4802,0.4806,160597.0
1664642880000,0.4806,0.4806,0.4796,0.4802,247086.0
1664642940000,0.4803,0.4832,0.4802,0.4831,2318970.0
1664643000000,0.483,0.4833,0.4823,0.4831,575157.0
1664643060000,0.4831,0.486,0.4831,0.4855,2419274.0
1664643120000,0.4855,0.4865,0.4845,0.4849,1230931.0
1664643180000,0.4849,0.4851,0.4838,0.4847,573979.0
1664643240000,0.4846,0.4847,0.4828,0.4828,821823.0
1664643300000,0.4828,0.4843,0.4827,0.4843,571407.0
1664643360000,0.4842,0.4844,0.4834,0.4841,346126.0
1664643420000,0.4841,0.4841,0.4832,0.4838,315974.0
1664643480000,0.4838,0.4841,0.4807,0.4833,6043813.0
1664643540000,0.4834,0.4834,0.4809,0.4814,1040459.0
1664643600000,0.4814,0.4816,0.4801,0.4803,701784.0
1664643660000,0.4803,0.4804,0.4776,0.4794,1897128.0
1664643720000,0.4795,0.4802,0.4786,0.4787,1188703.0
1664643780000,0.4787,0.4796,0.4778,0.4781,881450.0
1664643840000,0.4782,0.479,0.4782,0.4787,396142.0
1664643900000,0.4787,0.4794,0.4778,0.4783,1285120.0
1664643960000,0.4782,0.479,0.4782,0.479,548605.0
1664644020000,0.479,0.4798,0.4787,0.4795,464374.0
1664644080000,0.4794,0.4803,0.4791,0.4802,407130.0
1664644140000,0.4801,0.4802,0.4726,0.4768,12516242.0
1664644200000,0.4767,0.4768,0.4742,0.4744,1975142.0
1664644260000,0.4743,0.4762,0.4742,0.4757,987149.0
1664644320000,0.4757,0.4757,0.4747,0.475,1757749.0
1664644380000,0.475,0.4754,0.4747,0.475,708651.0
1664644440000,0.4749,0.475,0.47,0.4719,4288367.0
1664644500000,0.4719,0.4732,0.4717,0.473,1761610.0
1664644560000,0.4731,0.474,0.4728,0.4737,1071558.0
1664644620000,0.4736,0.4748,0.4736,0.4748,531796.0
1664644680000,0.4747,0.4748,0.4736,0.474,499406.0
1664644740000,0.4739,0.4749,0.4737,0.4748,301736.0
1664644800000,0.4747,0.4748,0.4736,0.4736,203452.0
1664644860000,0.4736,0.4742,0.4729,0.474,816000.0
1664644920000,0.4739,0.4744,0.473,0.4738,516058.0
1664644980000,0.4738,0.4742,0.4735,0.474,338227.0
1664645040000,0.474,0.474,0.4728,0.4736,390204.0
1664645100000,0.4737,0.4739,0.4734,0.4738,122366.0
1664645160000,0.4738,0.474,0.4735,0.474,109643.0
1664645220000,0.4741,0.4741,0.4739,0.4739,55867.0
1664645280000,0.4739,0.4748,0.4739,0.4746,471155.0
1664645340000,0.4747,0.4749,0.4744,0.4749,89161.0
1664645400000,0.4748,0.4754,0.4744,0.4744,176957.0
1664645460000,0.4744,0.4746,0.4743,0.4745,82018.0
1664645520000,0.4745,0.4749,0.4745,0.4748,110165.0
1664645580000,0.475,0.4755,0.475,0.4751,272190.0
1664645640000,0.4751,0.4754,0.475,0.4751,88827.0
1664645700000,0.4753,0.4753,0.4741,0.4741,174144.0
1664645760000,0.4742,0.4742,0.4731,0.4733,284276.0
1664645820000,0.4732,0.4743,0.4727,0.4742,333968.0
1664645880000,0.4742,0.4745,0.4738,0.4744,171550.0
1664645940000,0.4744,0.4747,0.4743,0.4745,97008.0
1664646000000,0.4745,0.4745,0.474,0.4742,68242.0
1664646060000,0.4742,0.4743,0.4737,0.4739,214819.0
1664646120000,0.474,0.4744,0.4739,0.4742,131229.0
1664646180000,0.4743,0.4745,0.4737,0.4738,195004.0
1664646240000,0.4738,0.4743,0.4737,0.4743,164810.0
1664646300000,0.4742,0.4742,0.4739,0.4739,26521.0
1664646360000,0.4739,0.4739,0.4733,0.4736,227869.0
1664646420000,0.4736,0.4736,0.4724,0.473,476528.0
1664646480000,0.4729,0.4743,0.4729,0.4742,421826.0
1664646540000,0.4741,0.4748,0.4741,0.4744,176344.0
1664646600000,0.4744,0.4745,0.4736,0.4739,115977.0
1664646660000,0.4739,0.474,0.4735,0.4737,329768.0
1664646720000,0.4736,0.4739,0.4735,0.4735,99321.0
1664646780000,0.4735,0.4737,0.4732,0.4734,142471.0
1664646840000,0.4734,0.4737,0.4732,0.4737,192374.0
1664646900000,0.4737,0.4738,0.4732,0.4732,318712.0
1664646960000,0.4731,0.4736,0.473,0.4736,196673.0
1664647020000,0.4736,0.4738,0.4734,0.4736,61799.0
1664647080000,0.4736,0.474,0.4736,0.474,23581.0
1664647140000,0.4739,0.4742,0.4738,0.4741,133633.0
1664647200000,0.4742,0.4743,0.4735,0.4738,171296.0
1664647260000,0.4739,0.4739,0.4733,0.4734,51925.0
1664647320000,0.4734,0.4737,0.4731,0.4736,147244.0
1664647380000,0.4737,0.4738,0.4735,0.4738,14451.0
1664647440000,0.4738,0.4739,0.4734,0.4734,79817.0
1664647500000,0.4733,0.4733,0.4727,0.4732,293673.0
1664647560000,0.4731,0.4733,0.473,0.4733,66594.0
1664647620000,0.4733,0.4733,0.472,0.4732,323441.0
1664647680000,0.4732,0.4735,0.473,0.4734,116148.0
1664647740000,0.4736,0.4739,0.4734,0.4735,69829.0
1664647800000,0.4735,0.4737,0.4731,0.4732,81951.0
1664647860000,0.4732,0.4739,0.4731,0.4738,169233.0
1664647920000,0.4738,0.4744,0.4738,0.4744,61619.0
1664647980000,0.4743,0.4749,0.4743,0.4748,632773.0
1664648040000,0.4748,0.4752,0.4745,0.4748,255554.0
1664648100000,0.4747,0.4747,0.4745,0.4747,62313.0
1664648160000,0.4747,0.4749,0.4744,0.4748,89329.0
1664648220000,0.4749,0.4752,0.4747,0.4748,246899.0
1664648280000,0.475,0.4751,0.4747,0.4748,155404.0
1664648340000,0.475,0.4751,0.4747,0.4751,56744.0
1664648400000,0.4751,0.4751,0.4746,0.4748,78259.0
1664648460000,0.4749,0.475,0.4746,0.4746,80465.0
1664648520000,0.4746,0.4747,0.4741,0.4747,213353.0
1664648580000,0.4746,0.4746,0.4743,0.4744,21331.0
1664648640000,0.4744,0.4744,0.4743,0.4744,28869.0
1664648700000,0.4743,0.4746,0.4743,0.4743,22065.0
1664648760000,0.4743,0.4743,0.4734,0.4736,111376.0
1664648820000,0.4737,0.4739,0.4736,0.4736,39248.0
1664648880000,0.4736,0.4742,0.4735,0.4741,35524.0
1664648940000,0.4741,0.4743,0.474,0.474,50104.0
1664649000000,0.4739,0.4743,0.4738,0.4739,88530.0
1664649060000,0.4739,0.4742,0.4738,0.4742,22895.0
1664649120000,0.4742,0.4743,0.4741,0.4743,32939.0
1664649180000,0.4744,0.4744,0.4737,0.4741,160596.0
1664649240000,0.4741,0.4744,0.4739,0.4744,117057.0
1664649300000,0.4744,0.4744,0.474,0.4743,38173.0
1664649360000,0.4742,0.4744,0.4742,0.4742,34927.0
1664649420000,0.4743,0.4746,0.4741,0.4744,93522.0
1664649480000,0.4744,0.475,0.4744,0.475,80358.0
1664649540000,0.4749,0.4751,0.4748,0.4751,325002.0
1664649600000,0.4751,0.4755,0.4751,0.4751,162177.0
1664649660000,0.4751,0.4757,0.475,0.4754,307381.0
1664649720000,0.4755,0.4755,0.4752,0.4753,33123.0
1664649780000,0.4753,0.4755,0.475,0.4755,116797.0
1664649840000,0.4756,0.4756,0.4753,0.4753,66320.0
1664649900000,0.4754,0.4754,0.475,0.475,116888.0
1664649960000,0.4751,0.4752,0.475,0.4751,29254.0
1664650020000,0.475,0.4755,0.475,0.4752,158283.0
1664650080000,0.4753,0.4755,0.4752,0.4755,75348.0
1664650140000,0.4754,0.4757,0.4754,0.4755,190996.0
1664650200000,0.4755,0.4756,0.475,0.4752,113798.0
1664650260000,0.4754,0.4756,0.4753,0.4754,38157.0
1664650320000,0.4755,0.4755,0.4753,0.4754,94259.0
1664650380000,0.4754,0.4756,0.4753,0.4755,63959.0
1664650440000,0.4755,0.4758,0.4755,0.4758,95527.0
1664650500000,0.4758,0.4761,0.4754,0.4759,1212624.0
1664650560000,0.4759,0.4767,0.4759,0.4763,441691.0
1664650620000,0.4764,0.4767,0.476,0.4765,296455.0
1664650680000,0.4765,0.4769,0.4764,0.4767,187837.0
1664650740000,0.4767,0.4769,0.4763,0.4764,226870.0
1664650800000,0.4763,0.4764,0.476,0.476,204823.0
1664650860000,0.4761,0.4765,0.476,0.4764,233511.0
1664650920000,0.4765,0.4768,0.4764,0.4766,111205.0
1664650980000,0.4767,0.4769,0.4765,0.4768,144318.0
1664651040000,0.4769,0.4774,0.4764,0.4764,250272.0
1664651100000,0.4764,0.4769,0.4764,0.4769,66182.0
1664651160000,0.4768,0.4769,0.4766,0.4766,35512.0
1664651220000,0.4766,0.4768,0.4766,0.4768,33343.0
1664651280000,0.4768,0.477,0.4767,0.477,39757.0
1664651340000,0.4771,0.4774,0.477,0.4773,82986.0
1664651400000,0.4772,0.4773,0.477,0.477,27710.0
1664651460000,0.477,0.4773,0.4769,0.4772,91486.0
1664651520000,0.4772,0.4778,0.4772,0.4773,301759.0
1664651580000,0.4773,0.4776,0.4773,0.4774,109649.0
1664651640000,0.4775,0.4775,0.4767,0.4768,183015.0
1664651700000,0.4768,0.4768,0.4759,0.476,131614.0
1664651760000,0.4761,0.4761,0.4757,0.4759,54207.0
1664651820000,0.4759,0.4761,0.4757,0.4757,61253.0
1664651880000,0.4759,0.4759,0.4751,0.4753,230039.0
1664651940000,0.4754,0.4759,0.4753,0.4757,126442.0
1664652000000,0.4756,0.4759,0.4754,0.4756,167275.0
1664652060000,0.4756,0.476,0.4756,0.4758,37310.0
1664652120000,0.4759,0.476,0.4758,0.4758,9516.0
1664652180000,0.4758,0.4761,0.4757,0.4758,106757.0
1664652240000,0.4758,0.4758,0.4756,0.4758,45776.0
1664652300000,0.4758,0.4759,0.4753,0.4753,33009.0
1664652360000,0.4753,0.4756,0.4753,0.4755,35624.0
1664652420000,0.4754,0.4759,0.4754,0.4757,87929.0
1664652480000,0.4757,0.4757,0.4756,0.4756,16967.0
1664652540000,0.4756,0.4756,0.4751,0.4752,155985.0
1664652600000,0.4753,0.4753,0.4749,0.4753,217062.0
1664652660000,0.4753,0.4753,0.4751,0.4753,49403.0
1664652720000,0.4754,0.4755,0.4752,0.4752,28771.0
1664652780000,0.4753,0.4753,0.4744,0.4745,234684.0
1664652840000,0.4745,0.4747,0.4744,0.4747,89213.0
1664652900000,0.4748,0.4749,0.4744,0.4745,37091.0
1664652960000,0.4746,0.4746,0.4739,0.4742,45005.0
1664653020000,0.4743,0.4743,0.4735,0.4737,140015.0
1664653080000,0.4737,0.4745,0.4732,0.4745,105112.0
1664653140000,0.4745,0.4752,0.4743,0.4751,179509.0
1664653200000,0.4751,0.4755,0.475,0.4751,129882.0
1664653260000,0.475,0.475,0.4731,0.4732,1228579.0
1664653320000,0.4732,0.474,0.4732,0.474,132750.0
1664653380000,0.474,0.4743,0.4737,0.4738,38182.0
1664653440000,0.4738,0.4742,0.4738,0.4741,27518.0
1664653500000,0.4742,0.475,0.4738,0.4749,87591.0
1664653560000,0.4749,0.4752,0.4747,0.4749,44982.0
1664653620000,0.4749,0.4755,0.4748,0.4753,95083.0
1664653680000,0.4754,0.4759,0.4754,0.4758,77669.0
1664653740000,0.4758,0.476,0.4755,0.4757,382141.0
1664653800000,0.4758,0.4763,0.4758,0.4759,81182.0
1664653860000,0.4759,0.476,0.4759,0.476,24853.0
1664653920000,0.476,0.4761,0.4755,0.4757,54614.0
1664653980000,0.4758,0.476,0.4757,0.4759,34263.0
1664654040000,0.4759,0.4765,0.4759,0.476,231688.0
1664654100000,0.4759,0.4761,0.4759,0.4761,27534.0
1664654160000,0.4762,0.4762,0.476,0.4761,14301.0
1664654220000,0.4763,0.4765,0.476,0.476,150209.0
1664654280000,0.476,0.4763,0.4757,0.4758,134419.0
1664654340000,0.4758,0.4758,0.4756,0.4756,32588.0
1664654400000,0.4756,0.4757,0.4746,0.4748,226198.0
1664654460000,0.4748,0.4753,0.4747,0.475,79669.0
1664654520000,0.475,0.4757,0.475,0.4753,45745.0
1664654580000,0.4754,0.4755,0.4751,0.4753,43122.0
1664654640000,0.4753,0.4754,0.475,0.475,27248.0
1664654700000,0.475,0.4751,0.4746,0.4746,71637.0
1664654760000,0.4747,0.4748,0.4742,0.4748,69233.0
1664654820000,0.4749,0.4752,0.4734,0.4738,243966.0
1664654880000,0.4739,0.474,0.4734,0.474,37153.0
1664654940000,0.4739,0.4739,0.4734,0.4734,283497.0
1664655000000,0.4734,0.4738,0.473,0.4731,167006.0
1664655060000,0.4731,0.4734,0.4724,0.4725,143299.0
1664655120000,0.4725,0.4731,0.4725,0.473,191646.0
1664655180000,0.473,0.4738,0.473,0.4733,115695.0
1664655240000,0.4732,0.4736,0.4728,0.4735,85810.0
1664655300000,0.4736,0.4739,0.4734,0.4739,64800.0
1664655360000,0.4739,0.4742,0.4737,0.4742,247554.0
1664655420000,0.4741,0.4743,0.474,0.4743,95579.0
1664655480000,0.4742,0.4744,0.4737,0.4737,110150.0
1664655540000,0.4736,0.4741,0.4736,0.4741,121560.0
1664655600000,0.474,0.4748,0.474,0.4747,66271.0
1664655660000,0.4747,0.4752,0.4747,0.475,76573.0
1664655720000,0.475,0.4754,0.4749,0.4752,121023.0
1664655780000,0.4752,0.4758,0.4752,0.4756,318551.0
1664655840000,0.4757,0.4757,0.4752,0.4755,101561.0
1664655900000,0.4754,0.4759,0.4753,0.4757,77879.0
1664655960000,0.4757,0.4758,0.4755,0.4758,59587.0
1664656020000,0.4758,0.476,0.4757,0.4759,21842.0
1664656080000,0.476,0.476,0.4755,0.4756,29820.0
1664656140000,0.4756,0.4757,0.4753,0.4756,83085.0
1664656200000,0.4756,0.4756,0.4749,0.4752,170333.0
1664656260000,0.4752,0.4753,0.4751,0.4753,45945.0
1664656320000,0.4752,0.4757,0.475,0.4757,152740.0
1664656380000,0.4756,0.4756,0.4754,0.4755,70816.0
1664656440000,0.4755,0.476,0.4755,0.476,127570.0
1664656500000,0.4759,0.476,0.4758,0.476,11498.0
1664656560000,0.4759,0.4759,0.4755,0.4756,30970.0
1664656620000,0.4757,0.4757,0.4753,0.4754,29371.0
1664656680000,0.4755,0.4756,0.4753,0.4754,19214.0
1664656740000,0.4754,0.4754,0.475,0.475,84358.0
1664656800000,0.4749,0.4754,0.4747,0.4752,79578.0
1664656860000,0.4752,0.4756,0.4751,0.4753,72451.0
1664656920000,0.4754,0.4763,0.4754,0.4761,886404.0
1664656980000,0.4762,0.4762,0.476,0.4761,24638.0
1664657040000,0.4761,0.4761,0.4754,0.4754,126704.0
1664657100000,0.4753,0.4754,0.4749,0.475,72142.0
1664657160000,0.475,0.4755,0.4749,0.4754,116470.0
1664657220000,0.4755,0.4757,0.4753,0.4753,50470.0
1664657280000,0.4753,0.4753,0.4751,0.4753,36009.0
1664657340000,0.4752,0.4755,0.4751,0.4753,73136.0
1664657400000,0.4753,0.4754,0.4751,0.4753,40390.0
1664657460000,0.4753,0.4753,0.4751,0.4752,26765.0
1664657520000,0.4751,0.4751,0.4747,0.4747,145445.0
1664657580000,0.4747,0.4747,0.4743,0.4746,108312.0
1664657640000,0.4747,0.4747,0.4745,0.4746,34465.0
1664657700000,0.4746,0.4749,0.4745,0.4749,83748.0
1664657760000,0.475,0.4753,0.4749,0.4752,81352.0
1664657820000,0.4752,0.4753,0.475,0.4752,87845.0
1664657880000,0.4753,0.4754,0.475,0.4754,93186.0
1664657940000,0.4754,0.4754,0.4751,0.4753,35731.0
1664658000000,0.4754,0.4754,0.4753,0.4753,16596.0
1664658060000,0.4753,0.4756,0.4753,0.4755,24654.0
1664658120000,0.4756,0.4762,0.4755,0.476,41546.0
1664658180000,0.4761,0.4762,0.476,0.476,12924.0
1664658240000,0.476,0.4762,0.4758,0.4762,27178.0
1664658300000,0.4761,0.4761,0.4757,0.4757,61835.0
1664658360000,0.4757,0.4762,0.4757,0.4759,127111.0
1664658420000,0.476,0.476,0.4757,0.4759,28803.0
1664658480000,0.4758,0.4758,0.4754,0.4755,46491.0
1664658540000,0.4755,0.4755,0.4746,0.4749,281633.0
1664658600000,0.4748,0.4749,0.4743,0.4744,56344.0
1664658660000,0.4745,0.4745,0.4738,0.474,450325.0
1664658720000,0.4738,0.4743,0.4738,0.4741,151658.0
1664658780000,0.4741,0.4746,0.4741,0.4745,92375.0
1664658840000,0.4745,0.4748,0.4743,0.4745,142821.0
1664658900000,0.4744,0.4744,0.4743,0.4744,27287.0
1664658960000,0.4744,0.4747,0.4743,0.4747,78748.0
1664659020000,0.4747,0.475,0.4746,0.4749,41810.0
1664659080000,0.475,0.4751,0.4747,0.4747,97586.0
1664659140000,0.4748,0.4751,0.4747,0.475,55787.0
1664659200000,0.4751,0.4757,0.4751,0.4757,108316.0
1664659260000,0.4757,0.4757,0.4754,0.4756,49909.0
1664659320000,0.4755,0.4756,0.4753,0.4753,24050.0
1664659380000,0.4752,0.4752,0.4749,0.4749,16306.0
1664659440000,0.475,0.4751,0.4749,0.4751,22608.0
1664659500000,0.475,0.475,0.4746,0.4748,75857.0
1664659560000,0.4749,0.4755,0.4749,0.4754,61054.0
1664659620000,0.4755,0.4757,0.4755,0.4757,22142.0
1664659680000,0.4757,0.4759,0.4751,0.4751,285727.0
1664659740000,0.4751,0.4751,0.4748,0.4749,44654.0
1664659800000,0.475,0.4751,0.475,0.4751,43368.0
1664659860000,0.475,0.4751,0.4749,0.4751,30380.0
1664659920000,0.4751,0.4753,0.475,0.4753,155053.0
1664659980000,0.4752,0.4756,0.4752,0.4755,31250.0
1664660040000,0.4756,0.4757,0.4754,0.4755,74193.0
1664660100000,0.4755,0.4757,0.4755,0.4757,10560.0
1664660160000,0.4756,0.4756,0.4753,0.4754,24374.0
1664660220000,0.4755,0.4757,0.4754,0.4756,48051.0
1664660280000,0.4757,0.4758,0.4754,0.4754,46388.0
1664660340000,0.4754,0.4758,0.4753,0.4757,190141.0
1664660400000,0.4758,0.4759,0.4757,0.4757,21915.0
1664660460000,0.4757,0.4758,0.4756,0.4756,27002.0
1664660520000,0.4757,0.4757,0.4756,0.4757,10309.0
1664660580000,0.4758,0.4759,0.4756,0.4757,47411.0
1664660640000,0.4757,0.4758,0.4754,0.4754,125607.0
1664660700000,0.4754,0.4755,0.4746,0.4746,221422.0
1664660760000,0.4746,0.4748,0.4741,0.4743,318208.0
1664660820000,0.4742,0.4742,0.4741,0.4742,42820.0
1664660880000,0.4741,0.4745,0.4741,0.4745,78745.0
1664660940000,0.4746,0.475,0.4746,0.4748,52629.0
1664661000000,0.4748,0.4763,0.4747,0.476,311459.0
1664661060000,0.4759,0.476,0.4758,0.4759,24324.0
1664661120000,0.4759,0.4772,0.4759,0.477,167018.0
1664661180000,0.4771,0.4772,0.4767,0.477,142101.0
1664661240000,0.477,0.4776,0.4766,0.4766,517729.0
1664661300000,0.4766,0.4766,0.4764,0.4765,33039.0
1664661360000,0.4765,0.4766,0.4763,0.4764,55103.0
1664661420000,0.4764,0.4764,0.4754,0.4755,61871.0
1664661480000,0.4757,0.4763,0.4756,0.4763,72778.0
1664661540000,0.4764,0.4771,0.4764,0.4771,58749.0
1664661600000,0.4771,0.4772,0.476,0.4765,108131.0
1664661660000,0.4763,0.4771,0.476,0.4769,72018.0
1664661720000,0.4769,0.4771,0.4757,0.4766,840388.0
1664661780000,0.4766,0.4771,0.4764,0.4766,355548.0
1664661840000,0.4766,0.4774,0.4764,0.4774,72004.0
1664661900000,0.4774,0.4774,0.477,0.4772,205480.0
1664661960000,0.4772,0.4772,0.4768,0.4768,115998.0
1664662020000,0.4768,0.4769,0.4759,0.4766,199236.0
1664662080000,0.4766,0.4767,0.4759,0.476,116738.0
1664662140000,0.476,0.4764,0.4756,0.4762,201590.0
1664662200000,0.4762,0.4764,0.4756,0.4756,116237.0
1664662260000,0.4756,0.4756,0.4752,0.4755,289541.0
1664662320000,0.4755,0.4758,0.4751,0.4758,59064.0
1664662380000,0.4758,0.4758,0.4751,0.4753,54211.0
1664662440000,0.4754,0.4755,0.4752,0.4753,43634.0
1664662500000,0.4753,0.4753,0.4748,0.4749,79098.0
1664662560000,0.4749,0.4751,0.4742,0.4743,174050.0
1664662620000,0.4743,0.4749,0.4742,0.4749,52476.0
1664662680000,0.4749,0.4749,0.4739,0.4739,145953.0
1664662740000,0.4739,0.4746,0.4737,0.4745,151823.0
1664662800000,0.4746,0.4746,0.4741,0.4744,79374.0
1664662860000,0.4743,0.4744,0.474,0.4741,157649.0
1664662920000,0.4741,0.4749,0.474,0.4746,102303.0
1664662980000,0.4746,0.4748,0.4746,0.4748,14760.0
1664663040000,0.4749,0.4749,0.4744,0.4744,17540.0
1664663100000,0.4745,0.4747,0.4745,0.4745,79240.0
1664663160000,0.4746,0.475,0.4746,0.475,52653.0
1664663220000,0.475,0.475,0.4746,0.4746,22718.0
1664663280000,0.4746,0.4749,0.4746,0.4747,16394.0
1664663340000,0.4748,0.475,0.4748,0.4749,19461.0
1664663400000,0.4749,0.4749,0.4745,0.4746,37793.0
1664663460000,0.4745,0.475,0.4745,0.4747,64565.0
1664663520000,0.4746,0.4748,0.4745,0.4745,24743.0
1664663580000,0.4746,0.4746,0.4737,0.4737,387269.0
1664663640000,0.4737,0.4742,0.4735,0.4742,102774.0
1664663700000,0.4741,0.4741,0.4737,0.4738,87839.0
1664663760000,0.4738,0.4738,0.4727,0.4729,500145.0
1664663820000,0.4729,0.4734,0.4726,0.4734,100875.0
1664663880000,0.4734,0.474,0.4734,0.4739,90518.0
1664663940000,0.4739,0.4746,0.4738,0.4743,102993.0
1664664000000,0.4744,0.4744,0.4737,0.4738,58909.0
1664664060000,0.4738,0.4742,0.4738,0.474,138795.0
1664664120000,0.4739,0.4742,0.4739,0.4741,59228.0
1664664180000,0.4741,0.4741,0.4739,0.4739,74124.0
1664664240000,0.474,0.4743,0.474,0.4741,32965.0
1664664300000,0.474,0.474,0.4738,0.474,52611.0
1664664360000,0.474,0.4748,0.474,0.4746,509066.0
1664664420000,0.4745,0.4745,0.4741,0.4743,30817.0
1664664480000,0.4742,0.4746,0.4741,0.4741,126888.0
1664664540000,0.4742,0.4744,0.4737,0.4737,96113.0
1664664600000,0.4738,0.4738,0.4732,0.4732,145209.0
1664664660000,0.4731,0.4733,0.4729,0.4733,57161.0
1664664720000,0.4732,0.4736,0.4728,0.4735,363636.0
1664664780000,0.4735,0.4738,0.4732,0.4736,209001.0
1664664840000,0.4736,0.4736,0.4732,0.4734,171745.0
1664664900000,0.4734,0.4735,0.4731,0.4735,87802.0
1664664960000,0.4736,0.4736,0.4731,0.4731,59684.0
1664665020000,0.4731,0.4732,0.473,0.4731,58249.0
1664665080000,0.4731,0.4733,0.473,0.4731,69150.0
1664665140000,0.4731,0.4735,0.473,0.473,253415.0
1664665200000,0.473,0.4732,0.4724,0.4724,255107.0
1664665260000,0.4724,0.4726,0.4717,0.4726,361070.0
1664665320000,0.4726,0.4734,0.4726,0.4731,180986.0
1664665380000,0.4732,0.4733,0.473,0.4731,95472.0
1664665440000,0.4732,0.4734,0.4729,0.4734,166526.0
1664665500000,0.4733,0.4733,0.4725,0.4731,138307.0
1664665560000,0.4731,0.4733,0.473,0.4732,41438.0
1664665620000,0.4733,0.4733,0.4727,0.4732,91254.0
1664665680000,0.4732,0.4738,0.4732,0.4736,133512.0
1664665740000,0.4736,0.474,0.4733,0.474,206448.0
1664665800000,0.4741,0.4744,0.474,0.4742,65078.0
1664665860000,0.4743,0.4745,0.4739,0.474,92818.0
1664665920000,0.4739,0.4743,0.4738,0.4742,46366.0
1664665980000,0.4743,0.4746,0.4741,0.4744,86500.0
1664666040000,0.4744,0.4745,0.4739,0.4744,85370.0
1664666100000,0.4745,0.475,0.4745,0.475,89116.0
1664666160000,0.475,0.4751,0.4749,0.475,39768.0
1664666220000,0.4749,0.4749,0.4747,0.4748,48152.0
1664666280000,0.4748,0.475,0.4747,0.4749,11763.0
1664666340000,0.4749,0.4749,0.474,0.4742,117621.0
1664666400000,0.4742,0.4744,0.4741,0.4742,21079.0
1664666460000,0.4742,0.4743,0.4738,0.4741,81890.0
1664666520000,0.474,0.4743,0.474,0.4742,36071.0
1664666580000,0.4741,0.4744,0.4741,0.4741,36582.0
1664666640000,0.4742,0.4744,0.4741,0.4744,52332.0
1664666700000,0.4744,0.4744,0.474,0.4742,52782.0
1664666760000,0.4744,0.4745,0.4738,0.4738,97853.0
1664666820000,0.4738,0.4741,0.4738,0.4741,33264.0
1664666880000,0.4741,0.4744,0.4741,0.4742,21723.0
1664666940000,0.4741,0.4745,0.4741,0.4745,73902.0
1664667000000,0.4744,0.4747,0.4743,0.4743,31405.0
1664667060000,0.4743,0.4747,0.4743,0.4746,111802.0
1664667120000,0.4746,0.4746,0.4743,0.4743,68658.0
1664667180000,0.4743,0.4745,0.4743,0.4744,27811.0
1664667240000,0.4744,0.4748,0.4744,0.4745,86931.0
1664667300000,0.4745,0.4745,0.4741,0.4741,64723.0
1664667360000,0.4742,0.4744,0.474,0.4742,55487.0
1664667420000,0.4742,0.4745,0.4742,0.4744,33304.0
1664667480000,0.4743,0.4747,0.4743,0.4747,58560.0
1664667540000,0.4746,0.4749,0.4746,0.4749,40310.0
1664667600000,0.4749,0.4752,0.4749,0.475,143109.0
1664667660000,0.475,0.4752,0.475,0.4751,67988.0
1664667720000,0.475,0.4751,0.4747,0.4747,57295.0
1664667780000,0.4747,0.4747,0.4745,0.4745,80192.0
1664667840000,0.4746,0.4746,0.4741,0.4742,15957.0
1664667900000,0.4743,0.4744,0.4741,0.4743,34020.0
1664667960000,0.4744,0.4747,0.4744,0.4745,69356.0
1664668020000,0.4746,0.4746,0.4745,0.4745,37746.0
1664668080000,0.4746,0.4746,0.4743,0.4745,23716.0
1664668140000,0.4744,0.4744,0.4738,0.474,119909.0
1664668200000,0.474,0.474,0.4738,0.474,116781.0
1664668260000,0.4741,0.4741,0.4739,0.474,68836.0
1664668320000,0.474,0.4746,0.474,0.4745,542359.0
1664668380000,0.4745,0.4752,0.4744,0.4752,260959.0
1664668440000,0.4753,0.4756,0.4751,0.4755,78301.0
1664668500000,0.4755,0.4756,0.4751,0.4753,35909.0
1664668560000,0.4751,0.4751,0.475,0.475,19589.0
1664668620000,0.4751,0.4755,0.4751,0.4755,43079.0
1664668680000,0.4754,0.4754,0.4751,0.4753,63662.0
1664668740000,0.4753,0.4755,0.4753,0.4754,35836.0
1664668800000,0.4753,0.4754,0.4751,0.4751,38088.0
1664668860000,0.4751,0.4751,0.4748,0.475,77168.0
1664668920000,0.4749,0.4756,0.4749,0.4756,49154.0
1664668980000,0.4755,0.476,0.4755,0.4757,256919.0
1664669040000,0.4758,0.4763,0.4757,0.4762,219473.0
1664669100000,0.4761,0.4762,0.4756,0.4757,91282.0
1664669160000,0.4757,0.4764,0.4757,0.4763,211002.0
1664669220000,0.4763,0.4767,0.4761,0.4762,233330.0
1664669280000,0.4762,0.4763,0.476,0.4762,164959.0
1664669340000,0.4762,0.4762,0.4758,0.476,54183.0
1664669400000,0.476,0.4763,0.4758,0.4763,109384.0
1664669460000,0.4762,0.4768,0.4762,0.4764,97198.0
1664669520000,0.4763,0.4768,0.4761,0.4768,106506.0
1664669580000,0.4767,0.4768,0.4765,0.4766,60279.0
1664669640000,0.4766,0.4767,0.4764,0.4766,49611.0
1664669700000,0.4766,0.4769,0.4764,0.4765,149034.0
1664669760000,0.4767,0.4767,0.4764,0.4765,26641.0
1664669820000,0.4765,0.4769,0.4763,0.4764,85976.0
1664669880000,0.4765,0.4765,0.4757,0.4762,180168.0
1664669940000,0.4761,0.4765,0.476,0.4763,44311.0
1664670000000,0.4763,0.4764,0.4762,0.4764,55015.0
1664670060000,0.4763,0.4766,0.4763,0.4765,73588.0
1664670120000,0.4765,0.4769,0.4765,0.4768,58020.0
1664670180000,0.4768,0.4769,0.4762,0.4763,24678.0
1664670240000,0.4762,0.4769,0.4761,0.4769,94276.0
1664670300000,0.4768,0.4771,0.4768,0.4771,99749.0
1664670360000,0.477,0.4774,0.477,0.4774,137053.0
1664670420000,0.4774,0.4775,0.4768,0.4768,100275.0
1664670480000,0.4769,0.4769,0.4761,0.4762,125986.0
1664670540000,0.4761,0.4764,0.4759,0.4762,47709.0
1664670600000,0.4761,0.4763,0.4759,0.4761,82760.0
1664670660000,0.4761,0.4769,0.4761,0.4769,54021.0
1664670720000,0.4769,0.477,0.4765,0.4767,143710.0
1664670780000,0.4766,0.4771,0.4765,0.4769,44542.0
1664670840000,0.477,0.4772,0.4768,0.477,45331.0
1664670900000,0.477,0.4772,0.4769,0.477,141164.0
1664670960000,0.477,0.4771,0.4768,0.4768,141190.0
1664671020000,0.4768,0.4771,0.4762,0.4762,66945.0
1664671080000,0.4763,0.4767,0.4763,0.4765,43218.0
1664671140000,0.4765,0.4765,0.4757,0.4759,150192.0
1664671200000,0.4759,0.476,0.4758,0.476,46772.0
1664671260000,0.4759,0.4759,0.4754,0.4758,120339.0
1664671320000,0.4758,0.4758,0.475,0.4752,329704.0
1664671380000,0.4751,0.4753,0.4751,0.4751,23089.0
1664671440000,0.4751,0.4752,0.4743,0.4746,46526.0
1664671500000,0.4746,0.4746,0.4736,0.4738,268974.0
1664671560000,0.4739,0.4739,0.473,0.4733,162688.0
1664671620000,0.4733,0.4741,0.4733,0.4737,160598.0
1664671680000,0.4738,0.4741,0.4738,0.4739,61307.0
1664671740000,0.4738,0.4743,0.4738,0.4742,27580.0
1664671800000,0.4742,0.4742,0.4737,0.4738,44052.0
1664671860000,0.4738,0.4743,0.4738,0.4743,42471.0
1664671920000,0.4743,0.4747,0.4742,0.4747,49801.0
1664671980000,0.4747,0.4749,0.4746,0.4748,58613.0
1664672040000,0.4748,0.4749,0.4747,0.4748,73266.0
1664672100000,0.4748,0.475,0.4746,0.4747,76765.0
1664672160000,0.4747,0.4748,0.4744,0.4748,178806.0
1664672220000,0.4748,0.4752,0.4748,0.4752,127076.0
1664672280000,0.4752,0.4755,0.4752,0.4755,75296.0
1664672340000,0.4755,0.4755,0.4749,0.475,65996.0
1664672400000,0.4749,0.4751,0.4748,0.4749,36302.0
1664672460000,0.4749,0.4749,0.4747,0.4749,22431.0
1664672520000,0.4749,0.4749,0.4745,0.4745,28432.0
1664672580000,0.4746,0.4746,0.4745,0.4746,13960.0
1664672640000,0.4747,0.4747,0.4744,0.4746,65811.0
1664672700000,0.4745,0.4746,0.4745,0.4746,26227.0
1664672760000,0.4747,0.4747,0.4741,0.4741,47176.0
1664672820000,0.4742,0.4743,0.4738,0.4743,44228.0
1664672880000,0.4743,0.4747,0.4743,0.4747,49348.0
1664672940000,0.4746,0.4747,0.4746,0.4746,21342.0
1664673000000,0.4746,0.4753,0.4746,0.4751,81928.0
1664673060000,0.475,0.475,0.4747,0.475,71905.0
1664673120000,0.4749,0.475,0.4745,0.4745,68843.0
1664673180000,0.4746,0.4746,0.474,0.474,50313.0
1664673240000,0.4741,0.4742,0.4738,0.4739,21762.0
1664673300000,0.4739,0.4744,0.4737,0.4744,87168.0
1664673360000,0.4743,0.4749,0.4743,0.4748,62028.0
1664673420000,0.4748,0.4748,0.4744,0.4745,23173.0
1664673480000,0.4746,0.4747,0.4746,0.4747,10090.0
1664673540000,0.4747,0.4748,0.4744,0.4745,91002.0
1664673600000,0.4745,0.4747,0.4745,0.4747,33404.0
1664673660000,0.4747,0.4748,0.4746,0.4747,19070.0
1664673720000,0.4747,0.475,0.4747,0.4749,135659.0
1664673780000,0.4749,0.4752,0.4747,0.475,195597.0
1664673840000,0.4749,0.475,0.4745,0.4748,36707.0
1664673900000,0.4748,0.4748,0.4744,0.4744,81954.0
1664673960000,0.4744,0.4747,0.4743,0.4746,168551.0
1664674020000,0.4746,0.4747,0.4743,0.4744,78218.0
1664674080000,0.4744,0.4744,0.474,0.4742,207151.0
1664674140000,0.4742,0.4742,0.4741,0.4742,48106.0
1664674200000,0.4741,0.4741,0.4738,0.4739,72286.0
1664674260000,0.4739,0.4741,0.4739,0.4739,69637.0
1664674320000,0.4739,0.474,0.4738,0.474,36991.0
1664674380000,0.474,0.4742,0.474,0.4742,17693.0
1664674440000,0.4742,0.4742,0.474,0.4741,8810.0
1664674500000,0.4741,0.4743,0.4741,0.4742,64502.0
1664674560000,0.4742,0.4742,0.4739,0.474,216966.0
1664674620000,0.474,0.474,0.4738,0.474,61219.0
1664674680000,0.4739,0.4742,0.4739,0.4742,85164.0
1664674740000,0.4744,0.4745,0.4743,0.4743,36504.0
1664674800000,0.4743,0.4745,0.4743,0.4745,40599.0
1664674860000,0.4745,0.4746,0.4743,0.4743,66633.0
1664674920000,0.4744,0.4745,0.4741,0.4744,75362.0
1664674980000,0.4744,0.4744,0.4742,0.4743,44456.0
1664675040000,0.4743,0.4744,0.4742,0.4744,71093.0
1664675100000,0.4743,0.4744,0.474,0.474,46863.0
1664675160000,0.474,0.4743,0.474,0.474,36993.0
1664675220000,0.4741,0.4742,0.474,0.474,41675.0
1664675280000,0.474,0.4742,0.4739,0.4742,106723.0
1664675340000,0.4742,0.4743,0.4739,0.4739,66659.0
1664675400000,0.4739,0.474,0.4739,0.4739,38708.0
1664675460000,0.474,0.4741,0.4739,0.474,65036.0
1664675520000,0.474,0.4742,0.474,0.4742,24540.0
1664675580000,0.4743,0.4743,0.474,0.4742,58000.0
1664675640000,0.4743,0.4743,0.4739,0.474,24389.0
1664675700000,0.4739,0.4739,0.4738,0.4738,50727.0
1664675760000,0.4739,0.4739,0.4738,0.4739,4771.0
1664675820000,0.4738,0.4741,0.4738,0.4741,3646.0
1664675880000,0.4741,0.4742,0.474,0.4742,15618.0
1664675940000,0.4742,0.4743,0.4742,0.4743,12470.0
1664676000000,0.4742,0.4743,0.4741,0.4742,35013.0
1664676060000,0.4742,0.4745,0.4742,0.4745,67758.0
1664676120000,0.4746,0.4747,0.4744,0.4745,79252.0
1664676180000,0.4746,0.475,0.4746,0.475,138935.0
1664676240000,0.475,0.4751,0.4747,0.475,21851.0
1664676300000,0.475,0.475,0.4745,0.4747,71240.0
1664676360000,0.4747,0.4747,0.4745,0.4746,34737.0
1664676420000,0.4746,0.4748,0.4745,0.4746,66068.0
1664676480000,0.4744,0.4745,0.4743,0.4745,35524.0
1664676540000,0.4745,0.4745,0.4744,0.4745,9843.0
1664676600000,0.4745,0.4746,0.4744,0.4745,38689.0
1664676660000,0.4746,0.4747,0.4744,0.4747,26943.0
1664676720000,0.4747,0.4747,0.4745,0.4747,9114.0
1664676780000,0.4746,0.4746,0.474,0.474,107625.0
1664676840000,0.4741,0.4742,0.474,0.474,103793.0
1664676900000,0.474,0.4742,0.4739,0.474,31751.0
1664676960000,0.474,0.4743,0.4738,0.4742,153749.0
1664677020000,0.4742,0.4743,0.4734,0.4734,277133.0
1664677080000,0.4734,0.4737,0.4733,0.4734,71649.0
1664677140000,0.4735,0.4735,0.4734,0.4735,29464.0
1664677200000,0.4735,0.4739,0.4735,0.4738,370387.0
1664677260000,0.4737,0.4738,0.4736,0.4737,3534.0
1664677320000,0.4737,0.474,0.4736,0.474,20084.0
1664677380000,0.4741,0.4742,0.474,0.4742,26965.0
1664677440000,0.4742,0.4742,0.4737,0.4738,50213.0
1664677500000,0.4738,0.4743,0.4738,0.4743,21581.0
1664677560000,0.4742,0.4743,0.4742,0.4742,10900.0
1664677620000,0.4742,0.4744,0.4742,0.4744,47997.0
1664677680000,0.4745,0.4746,0.4744,0.4745,22527.0
1664677740000,0.4745,0.4746,0.4745,0.4745,25889.0
1664677800000,0.4745,0.4745,0.4744,0.4744,53524.0
1664677860000,0.4744,0.4745,0.474,0.4741,137847.0
1664677920000,0.4741,0.4746,0.4741,0.4746,70440.0
1664677980000,0.4746,0.4747,0.4744,0.4746,38541.0
1664678040000,0.4747,0.4748,0.4746,0.4747,200360.0
1664678100000,0.4748,0.4751,0.4748,0.4751,71619.0
1664678160000,0.475,0.4755,0.475,0.4751,88505.0
1664678220000,0.4751,0.4759,0.4751,0.4756,371193.0
1664678280000,0.4755,0.4756,0.475,0.4753,160019.0
1664678340000,0.4755,0.4756,0.4754,0.4756,62655.0
1664678400000,0.4756,0.4757,0.4754,0.4754,81553.0
1664678460000,0.4754,0.4754,0.4747,0.475,161032.0
1664678520000,0.475,0.4752,0.4749,0.4751,35394.0
1664678580000,0.4751,0.4756,0.4751,0.4756,15571.0
1664678640000,0.4755,0.4756,0.4753,0.4755,49543.0
1664678700000,0.4754,0.4756,0.4753,0.4753,132017.0
1664678760000,0.4753,0.4755,0.4752,0.4754,4235.0
1664678820000,0.4754,0.4755,0.4752,0.4754,15896.0
1664678880000,0.4753,0.4754,0.4749,0.475,57350.0
1664678940000,0.4751,0.4752,0.4748,0.4749,45063.0
1664679000000,0.4748,0.475,0.4747,0.475,36711.0
1664679060000,0.4749,0.475,0.4747,0.4748,22000.0
1664679120000,0.4749,0.475,0.4747,0.4749,29645.0
1664679180000,0.475,0.4754,0.475,0.4754,159558.0
1664679240000,0.4755,0.4757,0.4753,0.4757,554801.0
1664679300000,0.4757,0.4757,0.4754,0.4755,38808.0
1664679360000,0.4754,0.4757,0.4754,0.4755,125453.0
1664679420000,0.4754,0.4754,0.4751,0.4752,41973.0
1664679480000,0.4752,0.4753,0.4752,0.4753,7671.0
1664679540000,0.4752,0.4754,0.4751,0.4751,39960.0
1664679600000,0.4751,0.4753,0.4751,0.4751,26058.0
1664679660000,0.4752,0.4752,0.4751,0.4752,4152.0
1664679720000,0.4751,0.4751,0.4744,0.4745,119139.0
1664679780000,0.4747,0.4748,0.4746,0.4747,8657.0
1664679840000,0.4748,0.4748,0.4747,0.4748,17789.0
1664679900000,0.4747,0.4748,0.4745,0.4748,172329.0
1664679960000,0.4748,0.4749,0.4747,0.4748,4930.0
1664680020000,0.4748,0.4754,0.4748,0.4754,62858.0
1664680080000,0.4754,0.4754,0.4752,0.4753,44837.0
1664680140000,0.4753,0.4753,0.4751,0.4752,59137.0
1664680200000,0.4752,0.4752,0.475,0.475,34639.0
1664680260000,0.4751,0.4752,0.4751,0.4752,53157.0
1664680320000,0.4751,0.4755,0.4751,0.4755,80181.0
1664680380000,0.4754,0.4756,0.4753,0.4755,21315.0
1664680440000,0.4755,0.4756,0.4752,0.4753,28536.0
1664680500000,0.4753,0.4754,0.4752,0.4753,50956.0
1664680560000,0.4752,0.4754,0.475,0.4751,17748.0
1664680620000,0.4753,0.4755,0.4753,0.4754,58283.0
1664680680000,0.4754,0.4768,0.4754,0.4766,1278036.0
1664680740000,0.4766,0.4767,0.4764,0.4765,166423.0
1664680800000,0.4765,0.4765,0.476,0.476,47301.0
1664680860000,0.4761,0.4761,0.4756,0.4758,335791.0
1664680920000,0.4758,0.4762,0.4758,0.4759,97307.0
1664680980000,0.4759,0.4759,0.4758,0.4759,5779.0
1664681040000,0.4758,0.4759,0.4756,0.4758,17269.0
1664681100000,0.4757,0.4758,0.4754,0.4755,47642.0
1664681160000,0.4755,0.4759,0.4755,0.4758,48634.0
1664681220000,0.4758,0.4758,0.4754,0.4754,26407.0
1664681280000,0.4755,0.4758,0.4754,0.4755,47005.0
1664681340000,0.4755,0.4755,0.4743,0.4747,1045696.0
1664681400000,0.4746,0.4746,0.4741,0.4742,142501.0
1664681460000,0.4743,0.4745,0.4742,0.4745,52722.0
1664681520000,0.4744,0.4748,0.4744,0.4747,91376.0
1664681580000,0.4747,0.4748,0.4744,0.4747,40161.0
1664681640000,0.4746,0.4746,0.4744,0.4744,14090.0
1664681700000,0.4744,0.4746,0.4743,0.4745,97893.0
1664681760000,0.4745,0.4745,0.4742,0.4742,57169.0
1664681820000,0.4742,0.4743,0.474,0.4742,51991.0
1664681880000,0.4741,0.4742,0.4738,0.4739,133321.0
1664681940000,0.474,0.4745,0.474,0.4745,40631.0
1664682000000,0.4746,0.4746,0.4742,0.4743,12164.0
1664682060000,0.4743,0.4747,0.4743,0.4745,75214.0
1664682120000,0.4746,0.4746,0.4743,0.4744,9244.0
1664682180000,0.4744,0.4745,0.4741,0.4742,38376.0
1664682240000,0.4742,0.4743,0.4741,0.4743,8370.0
1664682300000,0.4742,0.4743,0.474,0.4741,14599.0
1664682360000,0.4741,0.4742,0.474,0.474,10963.0
1664682420000,0.474,0.4741,0.4738,0.474,145003.0
1664682480000,0.4739,0.474,0.4738,0.474,69847.0
1664682540000,0.4739,0.474,0.4738,0.4739,45934.0
1664682600000,0.4739,0.4739,0.4737,0.4737,213980.0
1664682660000,0.4738,0.4739,0.4737,0.4739,116663.0
1664682720000,0.4739,0.4742,0.4738,0.4741,68609.0
1664682780000,0.474,0.4741,0.4736,0.4738,30760.0
1664682840000,0.4738,0.4738,0.4737,0.4738,14295.0
1664682900000,0.4738,0.474,0.4737,0.474,67986.0
1664682960000,0.4741,0.4741,0.4736,0.4738,83226.0
1664683020000,0.4738,0.4739,0.4737,0.4738,26611.0
1664683080000,0.4739,0.4741,0.4738,0.4739,29180.0
1664683140000,0.4739,0.4742,0.4738,0.4741,12452.0
1664683200000,0.4742,0.4743,0.474,0.474,70167.0
1664683260000,0.474,0.4741,0.4739,0.4739,74535.0
1664683320000,0.4739,0.4741,0.4735,0.4736,117200.0
1664683380000,0.4736,0.474,0.4734,0.474,70056.0
1664683440000,0.4741,0.4741,0.4739,0.4739,19970.0
1664683500000,0.4739,0.4742,0.4738,0.4739,124506.0
1664683560000,0.4739,0.4739,0.4737,0.4739,35204.0
1664683620000,0.4739,0.4743,0.4739,0.4742,138812.0
1664683680000,0.4742,0.4744,0.474,0.4741,152613.0
1664683740000,0.4741,0.4742,0.4739,0.474,41810.0
1664683800000,0.4741,0.4746,0.4741,0.4745,55039.0
1664683860000,0.4746,0.4752,0.4745,0.4752,747953.0
1664683920000,0.4752,0.4752,0.4748,0.4751,59414.0
1664683980000,0.4751,0.4754,0.4749,0.475,235770.0
1664684040000,0.4751,0.4754,0.475,0.4752,104373.0
1664684100000,0.4751,0.4751,0.4748,0.4749,131316.0
1664684160000,0.4748,0.4749,0.4747,0.4748,23114.0
1664684220000,0.4748,0.4751,0.4748,0.475,78989.0
1664684280000,0.475,0.4751,0.4749,0.4751,54536.0
1664684340000,0.4751,0.4751,0.4749,0.4751,31594.0
1664684400000,0.475,0.4751,0.4748,0.475,12473.0
1664684460000,0.475,0.475,0.4748,0.4748,89839.0
1664684520000,0.4749,0.475,0.4749,0.475,38594.0
1664684580000,0.475,0.475,0.4746,0.4747,119177.0
1664684640000,0.4746,0.4747,0.4741,0.4742,606208.0
1664684700000,0.4742,0.4745,0.4741,0.4743,143552.0
1664684760000,0.4742,0.4744,0.4739,0.474,90853.0
1664684820000,0.474,0.474,0.4738,0.4738,63990.0
1664684880000,0.474,0.4741,0.4738,0.4741,56678.0
1664684940000,0.4741,0.4746,0.474,0.4746,65360.0
1664685000000,0.4746,0.4749,0.4746,0.4747,86428.0
1664685060000,0.4747,0.4747,0.4739,0.4741,109672.0
1664685120000,0.4741,0.4743,0.4738,0.4743,169023.0
1664685180000,0.4743,0.4743,0.4741,0.4742,94648.0
1664685240000,0.4742,0.4742,0.4738,0.474,88453.0
1664685300000,0.474,0.4743,0.4739,0.4741,82633.0
1664685360000,0.4741,0.4742,0.4739,0.4741,29859.0
1664685420000,0.4741,0.4743,0.4741,0.4742,51473.0
1664685480000,0.4742,0.4743,0.4741,0.4742,98081.0
1664685540000,0.4742,0.4742,0.474,0.474,9065.0
1664685600000,0.474,0.4741,0.4739,0.4739,12383.0
1664685660000,0.474,0.4743,0.4739,0.4743,39441.0
1664685720000,0.4743,0.4744,0.4742,0.4744,123144.0
1664685780000,0.4743,0.4744,0.474,0.4742,51082.0
1664685840000,0.4742,0.4743,0.4739,0.4739,50132.0
1664685900000,0.4739,0.4741,0.4739,0.474,60066.0
1664685960000,0.474,0.4741,0.474,0.474,91983.0
1664686020000,0.4741,0.4741,0.4737,0.4738,130846.0
1664686080000,0.4739,0.4742,0.4738,0.4742,30300.0
1664686140000,0.4743,0.4744,0.4743,0.4743,102937.0
1664686200000,0.4744,0.4744,0.4742,0.4743,32723.0
1664686260000,0.4743,0.4747,0.4741,0.4746,295944.0
1664686320000,0.4746,0.475,0.4746,0.4747,296614.0
1664686380000,0.4747,0.475,0.4746,0.4748,118691.0
1664686440000,0.4747,0.475,0.4747,0.4749,260854.0
1664686500000,0.4748,0.4749,0.4748,0.4748,32968.0
1664686560000,0.4748,0.4751,0.4743,0.4746,423774.0
1664686620000,0.4746,0.4751,0.4745,0.4747,126972.0
1664686680000,0.4746,0.4751,0.4746,0.4751,129470.0
1664686740000,0.4751,0.4753,0.4749,0.4753,142868.0
1664686800000,0.4752,0.4752,0.4748,0.475,448183.0
1664686860000,0.475,0.475,0.4746,0.4748,192441.0
1664686920000,0.4748,0.4748,0.4745,0.4745,119192.0
1664686980000,0.4745,0.4746,0.4745,0.4745,26703.0
1664687040000,0.4745,0.475,0.4745,0.475,56507.0
1664687100000,0.4749,0.4749,0.4746,0.4746,111918.0
1664687160000,0.4746,0.4747,0.4745,0.4746,19762.0
1664687220000,0.4746,0.4752,0.4745,0.475,210670.0
1664687280000,0.475,0.4752,0.4748,0.4752,27931.0
1664687340000,0.4752,0.4752,0.4751,0.4751,75894.0
1664687400000,0.475,0.4752,0.475,0.4751,42321.0
1664687460000,0.4752,0.4752,0.4748,0.4751,192215.0
1664687520000,0.4752,0.4752,0.475,0.475,120418.0
